漢字,読み,間違い1,間違い2,間違い3,意味。
ご利益,ごりやく,ごりえき,お利益,ごりやく,神仏が人間に与える恵み、幸運。
愛玩,あいがん,あいそん,あいこう,あいかん,かわいがること。
愛顧,あいこ,あいぐ,あいこう,あいご,ひいきにすること。
愛称,あいしょう,あいしょうう,あいせい,あいじょう,親しみのある呼び名。
依拠,いきょ,いこ,いこう,いきょう,根拠とすること。
依然,いぜん,よりぜん,いぜんん,いさき,そのまま。
依存,いそん,いぞん,えそん,いしょん,他のものに頼って存在・機能すること。「いぞん」は慣用読みとして広く使われるが、本来は「いそん」。
依存心,いぞんしん,いそんしん,いじんしん,いぞうしん,頼る気持ち。
依存心,いそんしん,いぞんしん,えそんしん,いしょんしん,他人に頼り、甘えようとする気持ちや心理。
依頼心,いらいしん,いらいごころ,よりしん,いぞんしん,頼る気持ち。
依怙地,いこじ,いこうち,いこんじ,いごじ,意地を張ること。
委嘱,いしょく,いぞく,いしょく,いしょく,特定の仕事や業務を、外部の人に頼んで任せること。
委託,いたく,いしょく,いいたく,いたっく,任せること。
意気消沈,いきしょうちん,いきしょうしん,いきけしたか,いきしょうてん,元気がなくなって沈み込むこと。
意気地,いくじ,いきじ,いきち,い気地,物事をやり遂げようとする気力、根性。
意訳,いやく,いわけ,いしき,いしき,外国語の言葉の表面的な意味にとらわれず、全体の意味をくみとって翻訳すること。
異口同音,いくどうおん,いこうどうおん,いぐちどうおん,いくどういん,皆が同じ意見。
遺憾,いかん,いざん,のこかん,いごん,期待通りにならず残念に思うこと。「遺憾に思う」「遺憾なく発揮する」などの形で使われる。
遺言,ゆいごん,いごん,のこりこと,ゆいこと,死後のために言葉を残すこと。「いごん」は法的な表現。
一応,いちおう,いっちょう,いちよう,ひとおう,ひとまず。
一喝,いっかつ,いちかつ,ひとかつ,いっこう,大声で叱ること。
一括,いっかつ,ひとかつ,いちかつ,いっこう,まとめて扱うこと。
一期一会,いちごいちえ,いっきいちえ,いちきいちえ,いちごいちかい,一生に一度の出会いとして大切にすること。茶道の精神から生まれた言葉。
一筋縄,ひとすじなわ,いちすじなわ,いちじょうなわ,ひとすじじょう,普通の手段。多くは「?ではいかない」と否定を伴う。
一見さん,いちげんさん,いっけんさん,ひとみさん,いちみさん,紹介などのない、初めての馴染みのない客のこと。
一昨昨日,さきおととい,いっさくさくじつ,さくさくじつ,ひとおととい,おとといの前の日のこと。
一昨日,おととい,いちさくじつ,いちさくにち,ひとつきのう,今日の2日前のこと。漢字の音読みで「いちさくじつ」と読みがちだが「おととい」が正しい。
一蹴,いっしゅう,いっそう,いっけり,いっしゅつ,簡単に退けること。
一蹴,いっしゅう,いちしゅう,いっそく,いちそく,あっさりと断ったり、簡単に打ち負かしたりすること。
一新,いっしん,ひとあたらし,いちにゅう,いっしんん,すっかり新しくすること。
一炊の夢,いっすいのゆめ,いっしゃくのゆめ,いっすいのむ,ひとたきのゆめ,人生の栄華は儚いということ。
一世代,いっせだい,いっせいいちだい,ひとせだい,いちじだい,人が生まれてから親になるまでの約30年間。また、あるひとつの時代。
一切,いっさい,いっせつ,ひとくち,いっさい,全部、すべて。または（下に打ち消しの語を伴って）まったく、少しも。
一段,いちだん,ひとだん,いちだんん,ひとだんん,他と比べて程度が格段に違うこと。
一段落,いちだんらく,ひとだんらく,いちだんおち,ひとだんおち,区切りがつくこと。
一段落,いちだんらく,ひとだんらく,いちだんがえ,ひとだんろく,物事が一区切りつくこと。「ひとだんらく」は慣用読み。
一段落,いちだんらく,ひとだんらく,ひとらく,いちらく,仕事や物事が一区切りついて、ひとまず落ち着くこと。
一堂,いちどう,ひとどう,いっちょう,いっどうう,一つの建物や同じ場所に集まること。
一入,ひとしお,いちにゅう,いちいり,ひとついり,ひときわ、いっそう。感情や状態が他と比べてより強まる様子。
一瞥,いちべつ,いちげつ,いっかい,いちえつ,ちらっと見ること。
一矢,いっし,いちや,いっや,ひとや,一本の矢。
茨城,いばらき,いばらぎ,いばらしき,いばらき,関東地方にある県名の一つ。
因縁,いんねん,いんえん,ちなみに,いんゆかり,物事が生じる直接の因と間接の縁。宿命や因縁、言いがかり。
引導,いんどう,ひきみち,いんとう,ひきどう,あきらめるように最終的な宣告をすること。
隠蔽,いんぺい,おんぺい,かくぺい,いんへい,都合の悪いことを隠し覆うこと。
右往左往,うおうさおう,うゆうさゆう,みぎおうひだりおう,うおうさゆう,混乱してあちこち動き回ること。
窺う,うかがう,けいう,のぞきう,うかう,そっと見る・様子を観察すること。また機会を待つこと。「隙を窺う」などの形で使われる。
渦,うず,か,まきなみ,まわりなみ,水や空気が回転する流れ。「か」は音読みで「うず」が正しい。
閏年,うるうどし,じゅんねん,かんねん,うるうねん,2月が29日ある年のこと。
運否天賦,うんぷてんぷ,うんびてんぷ,うんぷてんぶ,うんふてんぷ,人の運命は天に任せるしかないということ。一か八かの運試し。
閲読,えつどく,けつどく,えらんどく,えつよみ,読むこと。
閲兵,えっぺい,けっぺい,えつへい,えっへい,軍隊の視察。
閲覧,えつらん,けつらん,えらん,えつみ,見ること。
閲歴,えつれき,けつれき,えつりゃく,えつれつ,経歴。
怨念,おんねん,えんねん,うらみねん,おんねん,強い恨みのこもった一念。深く根に持った怨み。
煙,けむり,けむ,えん,けむり,物が燃えるときに発生する、微粒子を含んだ気体。
煙草,たばこ,えんそう,けむりくさ,たばご,葉を乾燥させて吸う嗜好品。「えんそう」は誤読で「たばこ」が正しい。
艶やか,つややか,えんやか,なまめやか,あでやか,なめらかで光沢があり美しい様子。肌・髪・果物などに使われる。
塩梅,あんばい,えんばい,しおうめ,えんべい,料理の味加減、物事の具合や加減、身体の調子。
凹凸,おうとつ,でこぼこ,ぼこでこ,へいとつ,くぼんでいるところと、高くなっているところ。高低や不平があること。
応酬,おうしゅう,おうじゅう,おうとう,おうそう,やり取り。
応対,おうたい,おうてい,おうだい,こたいたい,応じること。
押印,おういん,おしいん,おしいん,お印,印鑑を書類に押すこと。捺印と同義。
押捺,おうなつ,おうな,おしなつ,おうだつ,印鑑や指紋を押すこと。
横溢,おういつ,おうえき,よこあふれ,よこいつ,水などがみなぎりあふれること。元気や才能などが満ちあふれている様子。
横柄,おうへい,よこがら,おうがら,よこへい,威張って人を見下す態度。
黄昏,たそがれ,こうこん,きたそ,きこん,夕暮れ時・薄暗くなる時刻。転じて物事の衰退期を指す。「こうこん」は誤読。
乙女,おとめ,おつじょ,いつめ,いちじょ,年若い女性・少女のこと。「おつじょ」は誤読で「おとめ」が正しい。
音声,おんせい,おんしょう,ねごえ,おとごえ,声や音。
下手,へた,しもて,したて,しもで,技術が劣っていること。舞台用語では「しもて」、謙遜語では「したて」とも読む。
下衆,げす,げしゅ,しもす,かじゅう,心の卑しい人、下劣な人。身分の低い人。
何卒,なにとぞ,なにそつ,どうか,なんとぞ,どうか・ぜひともという意味の丁寧な依頼表現。手紙文などでよく使われる。
可笑しい,おかしい,かわらしい,かおかしい,かしおかしい,滑稽で笑えること、または不思議でおかしいこと。
寡黙,かもく,すくもく,ひくもく,かもくく,言葉数が少なく、静かなこと。
果物,くだもの,かぶつ,はてもの,かものの,食用の甘い実・フルーツ。「かぶつ」は誤読で「くだもの」が正しい。
河岸,かし,かわぎし,かがん,がし,川の岸辺、または魚市場のこと。「かわぎし」は別読みだが「かし」が慣用的。
河川敷,かせんしき,かせんじき,かわじき,かせんふ,常時水が流れている区域の外側にある、平らな土地や敷地。
河豚,ふぐ,かぶた,かわぶた,かわとん,毒を持つ海水魚の一種。「かわぶた」は誤読で「ふぐ」が正しい。
霞む,かすむ,えんむ,もやむ,うすむ,霞や靄のためにぼんやり見えること。目がかすむ・存在感が薄れるという意味にも使われる。
画一,かくいつ,がいち,かいち,がかつ,一様にそろえること。
画期的,かっきてき,がきてき,かくきてき,がっきてき,非常に新しいこと。
画策,かくさく,がさく,かくさつ,がさつ,ひそかに計画を立てること。
会釈,えしゃく,かいしゃく,あいしゃく,えしゃくく,軽く頭を下げて挨拶すること。
会釈,えしゃく,かいしゃく,かいしゃく,えさく,軽いお辞儀をすること。相手に対して敬意や挨拶を示す動作。
会得,えとく,かいとく,あいとく,えどく,物事を理解して自分のものにすること。
回帰,かいき,えき,かいきき,えきき,ひとまわりして元の状態に戻ること。
回向,えこう,かいこう,えむけ,かいむけ,死者の成仏を願って仏事を行うこと。
回廊,かいろう,えろう,かいかく,まわりろう,建物の周りを取り囲む屋根付きの廊下。
壊滅,かいめつ,えめつ,こわれめつ,かいめつつ,組織や街などがすっかり破壊されてなくなること。
快諾,かいだく,かいらく,かいたく,けだく,気持ちよく承諾すること。
海苔,のり,かいたい,うみくさ,うみのり,食用の藻類を干したもの。「かいたい」は誤読で「のり」が正しい。
海豚,いるか,かいとん,うみぶた,かいぶた,水生哺乳類の一種。「かいとん」は誤読で「いるか」が正しい。
海老,えび,かいろう,うみおや,うみおいろ,甲殻類の一種。「かいろう」は誤読で「えび」が正しい。
芥,あくた,かい,ごみ,くず,ごみ・くず・価値のないものの意。「かい」は音読みで「あくた」が正しい。
外科,げか,そとか,がいか,がいきゃ,手術などの方法で治療する医学分野。「がいか」は誤読で「げか」が正しい。
外套,がいとう,そとう,がいとうう,そとぎ,コート。
概ね,おおむね,がいね,だいたい,かいね,だいたい・おおよそという意味。「概ね良好」「概ね予定通り」などの形で使われる。
概況,がいきょう,かいきょう,がいこう,がいじょう,全体の様子。
概算,がいさん,かいさん,がいざん,かいざん,おおよその計算。
概説,がいせつ,がいぜつ,かいせつ,がいしょう,大まかな説明。
概念,がいねん,かいねん,がいれん,かいれん,物事の基本的な考え。
概略,がいりゃく,かいりゃく,がいやく,かいやく,大まかな内容。
概論,がいろん,かいろん,がいりん,かいりん,総論。
蓋然,がいぜん,ふたぜん,かいぜん,がいねん,ある程度の確からしさ・起こりうる可能性のこと。「蓋然性が高い」の形でよく使われる。
各々,おのおの,かくかく,おのずから,めいめい,それぞれ、各自。複数の人や物のひとつひとつを指す。
拡散,かくさん,がっさん,ひろさん,かくざん,広がり散らばること。
確執,かくしつ,かくしゅう,たしかつ,かくしつづ,互いに自分の意見を譲らないことから生じる不和。
楽観,らっかん,がっかん,らくかん,らくがん,物事を良い方に考えること。
樫,かし,しゅう,かたき,かしわき,硬い材木が取れる常緑広葉樹。「しゅう」は誤読で「かし」が正しい。
割愛,かつあい,わりあい,かつめい,わりあいす,惜しいと思いながらも省略すること。
割愛,かつあい,わりあい,わりあい,かつあ,惜しいと思いながらも、省略したり切り捨てたりすること。
活魚,いけうお,かつぎょ,いきうお,いきぎょ,生きている魚。料理の直前まで生かしておく魚。
葛藤,かっとう,くずふじ,かつどう,かっとん,相反する欲求や感情が心の中でぶつかり合うこと。「内なる葛藤」などの形で使われる。
鎌,かま,れん,かりみ,かりき,草や稲を刈り取る刃物。「れん」は誤読で「かま」が正しい。
寒気,さむけ,かんき,かんぎ,さびき,体が寒く感じる感覚・悪寒。「かんき」とも読むが「悪寒」の意味では「さむけ」。
堪能,たんのう,かんのう,たえのう,たんなう,十分に満足すること、また技芸などに非常に優れていること。
完遂,かんすい,かんつい,まるつい,かんすい,物事を最後まで完全にやり遂げること。
間隙,かんげき,まげき,かんげきき,まげきき,物と物とのすき間、または不和のきっかけ。
間髪,かんはつ,かんぱつ,まはつ,あいだはつ,わずかな時間。
間髪,かんはつ,かんばつ,あいだかみ,かんぱつ,（間髪を入れず）間に髪の毛1本を入れる隙間もないほど、ただちに、即座に。
間髪を入れず,かんはつをいれず,かんぱつをいれず,まかみをいれず,かんぱつをいれて,間に髪の毛1本も挟めないほど即座に。
含蓄,がんちく,ふくちく,がんちゅう,ふくちゅう,言葉などのなかに深い意味が込められていること。
巌,いわお,がん,おおいわ,けわしいいわ,大きく険しい岩のこと。「がん」は音読みで「いわお」が正しい。
頑迷,がんめい,がんくら,かためい,がんまい,頑固で道理がわからないこと。「頑迷固陋」という四字熟語でも使われる。
危急,ききゅう,あぶきゅう,ききゅうう,ききょ,危険が差し迫っていること。
危惧,きぐ,あぶくれ,きお,きく,よくない結果になるのではと心配すること。「危惧する」「危惧の念を抱く」の形で使われる。
奇しくも,くしくも,きしくも,あやしくも,くしくも,不思議にも、偶然にも。奇妙なことに。
奇禍,きか,くか,きわざ,くわざ,思いがけない災難のこと。
奇才,きさい,くさい,きざい,きさつ,卓越した才能のこと。
奇特,きとく,きどく,きとっく,きどっく,感心なこと。
奇抜,きばつ,きぬき,きばち,きはつ,変わっていること。
寄贈,きぞう,きそう,よせぞう,きじょう,贈り与えること。
希求,ききゅう,まれきゅう,きく,けきゅう,強く願い求めること。
忌引き,きびき,いびき,きひき,いみびき,近親者の死去により、学校や仕事を休むこと。
忌憚,きたん,いみたん,きいじ,きだん,遠慮すること。「忌憚のない意見」は「遠慮のない率直な意見」という意味。
忌憚,きたん,いたん,きだん,いだん,いみはばかること。多くは「?のない意見」と否定を伴う。
既婚,きこん,がいこん,きごん,きけん,結婚していること。
既出,きしゅつ,がいしゅつ,きで,きだし,すでに出たもの。
既成事実,きせいじじつ,がいせいじじつ,きじょうじじつ,きせじじつ,既に成立した事実。
既存,きそん,がいそん,きぞん,きしょう,以前から存在すること。
既知,きち,がいち,きじ,きし,知っていること。
既得権,きとくけん,きどくけん,がいとくけん,きとっけん,既に得た権利。
気っ風,きっぷ,きっぷう,きのかぜ,きっぷ,気性、気立て。特に、さっぱりとして思い切りのよい江戸っ子的な気質。
気骨,きこつ,きほね,けいこつ,きぼね,自分の信念を貫く強い精神力・意気地。「きほね」は誤読で「きこつ」が正しい。
稀有,けう,まれゆう,きゆう,まれう,非常に珍しいこと・めったにないほど優れていること。「稀有な才能」などの形で使われる。
詰問,きつもん,つめもん,けつもん,きつもんん,厳しく問い詰めること。
客体,きゃくたい,かくたい,きゃくたいあい,かくたいあい,主観の認識の対象となるもの。
客分,かくぶん,きゃくぶん,きゃくわけ,かくわけ,組織の外から客として迎える立場。
逆転,ぎゃくてん,さかてん,ぎゃくでん,さかてんん,事の形勢が反対になること。
久遠,くおん,きゅうえん,ひさとお,くえん,永遠のこと。
居士,こじ,いし,きょし,いじ,在家のまま仏道に帰依した男性の称。また男性の戒名の下に付ける語。
供奉,ぐぶ,きょうほう,ともほう,くほう,行幸などに供として付き従うこと。
供奉,ぐぶ,きょうほう,くぶ,きょうぶ,天皇や皇族の行幸などの際、お供をして従うこと。
侠客,きょうかく,きょうきゃく,おとこだて,きょうかく,強きを挫き、弱きを助けることを旨とした、昔の無法者・おとこだて。
競売,けいばい,きょうばい,きょううり,けいうり,せり売り。
境遇,きょうぐう,さかいあい,けいぐう,きょうあい,その人が置かれている生活上の状況・環境のこと。
境内,けいだい,さかいうち,きょうない,けいうち,神社・寺院の敷地内のこと。「きょうない」は誤読で「けいだい」が正しい。
境内,けいだい,きょうない,けいない,けいだち,神社や寺院の敷地、領内のこと。
強硬,きょうこう,ごうこう,きょうごう,つよこう,態度が厳しいこと。
強靭,きょうじん,きょうせい,ごうじん,きょうにん,強くしなやかなこと。
強請る,ねだる,きょうせいする,ごうせいする,つよしる,せがむこと。
強弁,きょうべん,ごうべん,つよべん,きょうへん,無理に言い張ること。
強要,きょうよう,ごうよう,つよよう,きょうようう,無理に求めること。
脅える,おびえる,きょうえる,おどえる,おびる,恐れること。
脅かす,おびやかす,きょうかす,おどろかす,おびかす,危険を与えること。
脅威,きょうい,きょううい,おどしい,きょうえ,おびやかす力。
脅迫,きょうはく,きょうばく,おどしはく,きょうぱく,脅して迫ること。
業腹,ごうはら,ぎょうはら,わざはら,ごうぶく,非常に腹が立つこと。
極寒,ごっかん,きょっかん,ごくさむ,きょくかん,この上なく寒いこと。非常に厳しい寒さ。
玉石混交,ぎょくせきこんこう,たまいしこんこう,ぎょくせきこんごう,たまいしこんごう,優れたものと劣ったものが混ざっていること。
琴線,きんせん,ことせん,きんぜん,ことぜん,感動を呼ぶ心の部分。
金字塔,きんじとう,かねじとう,きんじどう,かねじどう,後世に永く残るような偉大な業績。
苦言,くげん,にがこと,くごん,にがげん,相手のためを思っていさめる言葉。
具眼,ぐがん,つぶがん,ぐげん,ともがん,物事の真価を見抜く確かな眼力があること。
具申,ぐしん,ぐもうし,ぐじん,ぐしょう,意見を申し出ること。
薫陶,くんとう,かおりとう,くんどう,かおりどう,優れた人格で人を教育し育てること。
形骸化,けいがいか,かたちがいか,けいからだか,けいけいか,形だけで中身や意味がなくなってしまうこと。
景気,けいき,かげき,けいきき,けいきぎ,経済活動の活気の連動、または様子。
蛍,ほたる,けい,ひかりむし,ようこう,夜に発光する昆虫。「けい」は音読みで「ほたる」が正しい。
劇薬,げきやく,げきぐすり,げきらくだ,げきやくく,作用が激しく、使い方を誤ると危険な医薬品。
欠伸,あくび,けっしん,かけのび,かけのばし,眠いときや退屈なときに口を大きく開けて息を吐く動作。「けっしん」は誤読で「あくび」が正しい。
月極,つきぎめ,げっきょく,つききわめ,げつぎめ,月単位の契約。
月極,つきぎめ,げっきょく,げつぎめ,つききわみ,1か月単位で契約を交わすこと。主に駐車場などの契約で用いられる。
月並み,つきなみ,げつなみ,つきならび,げつならみ,平凡なこと。
喧噪,けんそう,かまびすそう,かんそう,けんざつ,騒がしくやかましいこと、またその騒音。「都会の喧噪」の形でよく使われる。
嫌悪,けんお,けんあく,いやお,けんお,不快に感じて強く嫌うこと。憎み嫌う気持ち。
建立,こんりゅう,けんりつ,こんりつ,けんりゅう,寺院や堂塔を建てること。
建立,こんりゅう,けんりつ,こんりつ,たてだち,寺院や堂塔、碑などを建設すること。
懸案,けんあん,かかりあん,けいあん,けんおん,以前から解決されずに残っている問題・課題。「懸案事項」「長年の懸案」の形で使われる。
牽引,けんいん,けいいん,ひきいん,けんびき,引っ張ること。また、物事を主導・先導すること。「経済を牽引する」などの形で使われる。
原因,げんいん,げいいん,もといん,げんよる,ある結果を引き起こすもととなった事柄や理由。
玄人,くろうと,げんじん,くろひと,もとじん,その道のプロ・専門家のこと。「げんじん」は誤読で「くろうと」が正しい。
玄人,くろうと,げんじん,げんにん,くろびと,専門家。
言質,げんち,ことしつ,げんしつ,ことち,証拠になる言葉。
言質,げんち,げんしつ,ことじち,げんしち,後で証拠となるような、約束の言葉。言葉の質。
古今東西,ここんとうざい,ふるいまことうざい,ここんひがしにし,ふるいまこひがしにし,昔から今まで、そしてあらゆる場所で。
古文書,こもんじょ,こぶんしょ,ふるもんじょ,こもんしょ,古い時代の公文書や記録。
固執,こしつ,こしゅう,こじつ,かたじつ,自分の意見や考えを頑固に守り変えないこと。「こしゅう」は誤読。
固執,こしつ,こしゅう,かたしつ,こしゅうう,自分の意見を頑なに譲らないこと。「こしゅう」も本来は正解。
姑息,こそく,まごそく,こそくく,古い息,根本的な解決をせず、その場しのぎをすること。
菰,こも,か,かやむしろ,すのこ,マコモや藁で編んだむしろ・茣蓙のこと。「か」は誤読で「こも」が正しい。
誇張,こちょう,ほちょう,こちょうう,ほちょうう,大げさに表現すること。
五月雨,さみだれ,ごがつあめ,さつきあめ,ごつきあめ,梅雨の時期に降り続く長雨のこと。「ごがつあめ」は誤読で「さみだれ」が正しい。
五月蝿い,うるさい,さつきはえい,ごがつばえい,ごばえしい,騒がしい・やかましいこと。当て字で「うるさい」と読む難読語。
互選,ごせん,たがいせん,ごえらび,たがいえらび,特定のメンバーの中でお互いに投票して選ぶこと。
御用達,ごようたし,おようたつ,ごようつ,おようだつ,特定の人や機関に品物を納めること。「ごようたし」が正しく、「ごようたつ」は誤読として広まっている。
御利益,ごりやく,ごりえき,おんりえき,おりえき,神仏から授かる恵みのこと。
鯉,こい,りこ,たいぎょ,かわさかな,淡水魚の一種。観賞用や食用に飼われる。「りこ」は誤読で「こい」が正しい。
好事家,こうずか,こうじか,よきことか,こうずや,風流な事柄を好む人。物好きな人。
紅葉,もみじ,こうよう,べにば,くれないは,秋に木の葉が赤や黄色に変わること。「こうよう」も正しいが木の種類としては「もみじ」。
行脚,あんぎゃ,いきあし,こうきゃく,こうあし,各地を歩き回ること。もとは修行僧が諸国を巡ること。「いきあし」は誤読。
行脚,あんぎゃ,こうきゃ,あんあし,こうあし,諸国を巡り歩くこと。
行住坐臥,ぎょうじゅうざが,こうじゅうざが,ぎょうじゅうすわるふす,あんじゅうざが,歩く、とどまる、座る、寝るという日常の振る舞い。
行年,ぎょうねん,こうねん,ゆきとし,あんねん,この世に生きていた年数。享年。亡くなったときの年齢。
行方,ゆくえ,いきかた,こうほう,ゆきがた,向かう先・所在・消息のこと。「こうほう」は誤読で「ゆくえ」が正しい。
今際の際,いまわのきわ,いまわのさい,いまぎわのさい,いまわのとき,臨終のとき、死に際、息を引き取る直前。
彩る,いろどる,さいる,いろどるす,さいるす,美しく飾ったり、色をつけたりすること。
昨今,さっこん,きのうこん,さくこん,さきこん,近ごろ・最近のこと。「きのうこん」は誤読で「さっこん」が正しい。
錯綜,さくそう,まじれそう,さくしょう,さっそう,複数の物事が入り組んで混乱すること。「情報が錯綜する」などの形で使われる。
匙,さじ,し,スプーン,ひとさじ,液体や粉末をすくう道具。「じ」は音読みで「さじ」が正しい。
刷新,さっしん,あらっしん,さつしん,あたらしん,悪い状態を改めて、まったく新しくすること。
殺生,せっしょう,せっせい,ころし,さつしょう,生き物を殺すこと。または、むごいこと、気の毒なこと。
雑魚,ざこ,ざつぎょ,ざっさかな,ざこさかな,小さな魚・価値の低い小物のこと。「ざつぎょ」は誤読で「ざこ」が正しい。
雑魚寝,ざこね,ざっぎょね,ざこね,じゃこね,狭い場所に多くの人が入り混じって、一つの布団などで一緒に寝ること。
参内,さんだい,さんない,まいるうち,さんだい,宮中に参上すること。天皇に拝謁するために参内すること。
山車,だし,やまくるま,さんしゃ,やまぐるま,祭りで引き回す飾り車のこと。「やまくるま」「さんしゃ」は誤読で「だし」が正しい。
山積,さんせき,やまづみ,さんじゃく,やまづみみ,問題や仕事が山のようにたまっていること。
産声,うぶごえ,さんごえ,うまれごえ,うぶこえ,赤ちゃんが生まれた直後に発する最初の泣き声。「さんごえ」は誤読。
斬新,ざんしん,きりしん,さんしん,ざんきん,発想や方法が非常に新鮮で独創的なこと。「斬新なアイデア」の形でよく使われる。
暫時,ざんじ,ぜんじ,しばらく,ざんし,しばらくの間、少しの間。わずかな時間を表す語。
暫定,ざんてい,しばらくてい,ざんじょう,しばらくじょう,正式に決まるまで、一時的に取り決めること。
市井,しせい,しい,いちい,しせい,人が多く集まり住む所、街、世間。
師走,しわす,しそう,しばしり,しうす,旧暦12月・現代では12月の別名。僧侶が東西に走り回るほど忙しい月という説がある。
施行,しこう,せこう,しぎょう,せぎょう,実施すること。
施策,しさく,せさく,とりさく,せいさく,施す政策・手立て・対策のこと。「少子化対策の施策」などの形で使われる。
私利私欲,しりしよく,わたくしりわたくしよう,しりしよくく,わたくしりわたくしよく,自分の利益や欲望だけを追求すること。
諮問,しもん,はかりもん,じもん,しかもん,専門家や機関に意見・答申を求めること。「審議会に諮問する」などの形で使われる。
賜杯,しはい,ちょうはい,ためしはい,しはい,天皇や皇族などから褒美として授けられる杯。
慈悲,じひ,いつくしみ,なさけひ,じび,いつくしんで哀れみをかけること。仏教用語で、衆生を救う心を指す。
時雨,しぐれ,じう,ときあめ,じさめ,晩秋から初冬にかけて降ったりやんだりする雨。「じう」は誤読で「しぐれ」が正しい。
示唆,しさ,じさ,しだ,じしゃ,それとなく示すこと。
示唆,しさ,じさ,しけい,じけい,それとなくヒントを与えて教えること。
示談,じだん,しだん,じたん,していだん,話し合いによる解決。
七夕,たなばた,しちせき,ななゆう,なのかゆう,7月7日の行事で織姫と彦星が年に一度会う伝説に基づく。「しちせき」は音読みで「たなばた」が一般的。
執行,しっこう,しゅうこう,しつこう,せっこう,実施すること。
執刀,しっとう,しゅっとう,しつとう,しっとうう,手術すること。
執拗,しつよう,ねばりよう,じゅうよう,しつしつ,しつこく粘り強いこと。「執拗に迫る」「執拗な追及」などの形で使われる。
執拗,しつよう,しゅうよう,しつおう,しゅつよう,しつこいこと。
疾病,しっぺい,しつびょう,しっびょう,しツやまい,病気のこと。疾患や患い。
質実剛健,しつじつごうけん,しちじつごうけん,ただじつごうけん,しつじつつよたけ,飾り気がなく真面目で、心身ともにたくましいこと。
遮る,さえぎる,しゃる,さえぎるす,しゃるす,進行や視界を途中で邪魔して止めること。
借用,しゃくよう,かりよう,しゃくもち,かりもち,物を借りること。
杓子定規,しゃくしじょうぎ,ひしゃくしじょうぎ,しゃくしていき,ひしゃくしていき,決まりきった基準にこだわり、融通がきかないこと。
若しくは,もしくは,わかしくは,じゃくしくは,にゃくしくは,または・あるいはという意味の接続詞。法律文書などで「または」と使い分ける。
若人,わこうど,わかびと,じゃくじん,わかひと,若者・青年のこと。「わかびと」「じゃくじん」は誤読で「わこうど」が正しい。
主客,しゅかく,しゅきゃく,おもきゃく,しゅかくう,主人と客、または主なものと従属するもの。
手水,ちょうず,てみず,てすい,しゅすい,神仏にお参りする前に、手や口を洗い清める水。またはその行為。
手練,てだれ,てれん,しゅれん,てのれん,技術や経験が非常に優れていること・その人物。「てれん」は別の意味もある。
殊に,ことに,しゅに,とくに,べつに,特に・とりわけという意味の副詞。「殊に優れた作品」などの形で使われる。
趣意書,しゅいしょ,しゅみしょ,しゅういしょ,しゅじしょ,目的説明文。
趣向,しゅこう,しこう,しゅごう,しゅきょう,工夫や趣味。
趣旨,しゅし,しゅうし,しゅじ,しゅいし,主な内容。
趣味,しゅみ,しゅうみ,しゅび,しゅうび,好み。
受諾,じゅだく,じゅたく,うけだく,じゅらく,受け入れること。
受理,じゅり,じゅうり,うけり,じゅれい,受け付けること。
受領,じゅりょう,じゅうりょう,うけりょう,じゅれい,受け取ること。
収穫,しゅうかく,しゅうがく,しゅかく,しゅうこく,取り入れ。
収監,しゅうかん,しゅうけん,しゅうがん,しゅかん,刑務所に入れること。
収拾,しゅうしゅう,しゅうじゅう,しゅうひろい,しゅしゅう,まとめること。
収奪,しゅうだつ,しゅうだち,しゅうとつ,しゅうだっ,奪い取ること。
収斂,しゅうれん,しゅうせん,しゅうかん,しゅうりん,集まること。
十八番,おはこ,じゅうはちばん,じゅうはっぽん,じゅうやつ,最も得意とする芸や技のこと。歌舞伎の「十八番」に由来し、読みは「おはこ」。
従容,しょうよう,じゅうよう,したがいよう,じゅうようう,ゆったりと落ち着いていて慌てない様子。
重複,ちょうふく,じゅうふく,かさふく,ちょうぼく,同じものが重なること。「じゅうふく」は慣用読みとして広まっているが、本来は「ちょうふく」。
重複,ちょうふく,じゅうふく,ちょうぶく,じゅうぶく,重なること。
重宝,ちょうほう,じゅうほう,しげたから,じゅほう,便利で役立つこと。
宿痾,しゅくあ,やどあ,しゅくお,やどお,長年治らないでいる重い病気。
出生,しゅっしょう,でうまれ,しゅっせい,でしょう,生まれること・生まれ。戸籍用語としては「しゅっしょう」が正式。
出生率,しゅっしょうりつ,しゅっせいりつ,しゅつしょうりつ,しゅっしょうそつ,生まれる割合。
出納,すいとう,でのう,しゅつのう,でいれ,金銭や物品の出し入れ・収支の管理のこと。会計用語として使われる。
出納,すいとう,しゅつのう,でいり,しゅつな,金銭や物品を出し入れすること。会計の管理などに用いる。
遵守,じゅんしゅ,そんしゅ,じゅんまもる,ずんしゅ,法律・規則・命令などをよく守ること。「法令遵守」の形で使われる。
遵守,じゅんしゅ,そんしゅ,じゅんまもり,そんまもり,法律や規則に従い、それを守ること。
遵守,じゅんしゅ,そんしゅ,そんまもり,じゅんまもり,法律や規則、道理などをかたく守り、それに従うこと。
所以,ゆえん,しょい,しょい,ゆえ,理由、わけ、根拠。～となる理由。
所謂,いわゆる,しょきん,しょい,ところがい,世間一般で言われる・いわゆる、という意味。「所謂エリートというやつだ」などの形で使われる。
所謂,いわゆる,しょせん,しょき,いわに,世間で言われている、俗に言う。過去の言葉や定義を引き出す語。
諸刃の剣,もろはのつるぎ,しょはのつるぎ,もろはのけん,しょはのけん,一方では役に立つが、他方では大損害を被る危険があるもの。
諸刃の剣,もろはのつるぎ,もろはのけん,しょはのけん,もろはのつるぎ,一方では非常に役に立つが、他方では大きな害を受ける危険もあるものの例え。
小暗い,おぐらい,こぐらい,ちいさくらい,しょうくらい,何となく薄暗い、少し暗い様子。
小豆,あずき,しょうず,こまめ,おまめ,赤い小粒の豆。和菓子の餡に使われる。「しょうず」「こまめ」は誤読。
承諾,しょうだく,しょうらく,じょうだく,しょうとく,同意すること。
招聘,しょうへい,しょうせい,まねい,しょうへき,礼を尽くして人を招くこと。専門家や著名人を正式に招待する際に使う。
消却,しょうきゃく,しょうしゃく,しょうけつ,けしょう,帳簿から除くこと。
消耗,しょうもう,しょうこう,しょうひ,けしもう,使って減らすこと、また体力や気力が尽きること。「しょうこう」は誤読。
消耗,しょうもう,しょうこう,しょうぼう,けもう,使い減らすこと。
上意下達,じょういかたつ,げだつ,じょういげたつ,じょういかだつ,上の者の意思や命令を、下の者へ確実に伝えること。
上手,じょうず,かみて,うえて,うわて,技術がすぐれていること。舞台用語では「かみて」と読む場合もある多読み語。
上手,かみて,うわて,じょうず,じょうしゅ,舞台の客席から見て右側のこと。また、位置が高い方。
心地,ここち,しんじ,こころじ,こころち,気持ち・気分・感じのこと。「しんじ」は誤読で「ここち」が正しい。
心恋しい,うらがなしい,こころかなしい,しんこいしい,うらこいしい,何となく心が寂しく、慕わしく思われる。※画像「心恋しい」正解「うらがなしい」は古語的な表現。
新進気鋭,しんしんきえい,しんしんきぜつ,あたらしんきえい,しんしんけいえい,ある分野に新しく登場し、勢いが盛んなこと。
深謝,しんしゃ,ふかしゃ,しんしゃしゃ,ふかしゃしゃ,深く感謝すること、または深く謝罪すること。
神無月,かんなづき,しんなしつき,かみなしつき,かんなつき,旧暦10月の別名。出雲大社に全国の神が集まるため各地に神がいなくなる月。
親見,しんけん,おやみ,しんみ,おやけん,自分の目で実際に確かめること。
身重,みおも,しんじゅう,みのしげ,みじゅう,女性が妊娠していること。お腹に子どもがいて体が重い状態。
進言,しんげん,すすみげん,しんごん,しんけん,意見を述べること。
進退維谷まる,しんたいいきわまる,しんたいいこくまる,しんたいいやまる,しんたいいたにまる,どうにも動きが取れなくなること。
進捗,しんちょく,しんぽ,しんはか,しんちょ,物事が進みはかどること。仕事の「進捗状況」などの形で使われる。
進捗,しんちょく,しんぽ,しんとく,しんそく,進み具合。
進捗,しんちょく,しんぽ,しんてき,しんあゆみ,物事が捗ること。「しんぽ」は別の漢字。
進捗,しんちょく,しんしょう,しんぽ,しんちょく,物事が順調にはかどり、前に進むこと。進行具合。
進呈,しんてい,しんてつ,すすみてい,しんじょう,贈ること。
塵,ちり,じん,ほこり,こなごみ,非常に細かいほこり・ごみ。「じん」は音読み。
吹雪,ふぶき,ふうゆき,すいせつ,すいゆき,激しい風に雪が吹き飛ばされる現象。「すいせつ」は誤読で「ふぶき」が正しい。
吹聴,ふいちょう,すいちょう,ふききく,すいきく,言いふらすこと。
推敲,すいこう,おしこう,すいこうう,おしたたき,文章を何度も練り直すこと。
水母,くらげ,すいぼ,みずはは,みなははは,海中に漂う傘状の生き物。「すいぼ」は誤読で「くらげ」が正しい。
錐,きり,すい,とがりどうぐ,あなあけ,穴をあける先のとがった工具。「すい」は音読みで「きり」が正しい。
数奇,すうき,すうきき,かずき,かずきき,運命のめぐり合わせが波乱万丈であること。
数寄屋,すきや,すうきや,かずきや,すきや,茶室風に造った建物、風流な意匠の家。
数珠,じゅず,すうじゅ,かずたま,すうしゅ,仏具の一種で、小さな玉を糸で繋いだもの。「すうじゅ」は誤読で「じゅず」が正しい。
頗る,すこぶる,はなはだ,たいへん,さかんに,非常に・とても・極めてという意味の副詞。「頗る優秀な人材」などの形で使われる。
寸暇,すんか,そんか,すんげ,すんが,わずかな空き時間。
寸暇,すんか,すんひま,ちょっとひま,すんかか,ほんのわずかな空き時間。
寸評,すんぴょう,そんぴょう,すんびょう,すんひょう,短い評価。
畝,うね,ほ,たがやしみち,はたけすじ,田畑に土を盛り上げて作る列状の部分。「ほ」は面積の単位としての読み。
性悪,しょうわる,せいあく,さがわる,しょうあく,性質や性格が悪いこと。ひねくれていること。
成就,じょうじゅ,せいじゅ,じょうしゅう,せいしゅう,願いや望みが叶うこと。
正確,せいかく,しょうかく,まさかく,せいかくう,間違いがないこと。
正気,しょうき,せいき,ただき,まさき,確かな意識。
正味,しょうみ,せいみ,ただみ,まさみ,外袋などを除いた、中身だけの実際の量や価値。
清拭,せいしき,せいしょく,きよぶき,せいしき,病気などで入浴できない人の体を、温かいタオルなどで拭いて清潔にすること。
清々しい,すがすがしい,きよきよしい,さわやか,すがすがしい,さわやかで気持ちが良い、汚れがなく心地よい様子。
生粋,きっすい,なまいき,きすい,なますい,混じり気が全くないこと。純粋なその土地生まれなど。
精進,しょうじん,せいしん,しょうしん,せいじん,一つの物事に精神を集中して励むこと。肉食を断ち身を清めること。
精緻,せいち,せいちゅう,くわしち,せいじ,細部まで細かく精密なこと。非常に細かく丁寧に作られた様子を表す。
声色,こわいろ,こえいろ,こわいろ,せいしょく,声の調子。また、他人の声の出し方を真似すること。
逝去,せいきょ,いきょ,せいき,せいきょく,他人が他界すること、死ぬことの尊敬語。他人の死を敬って言う表現。
脆弱,ぜいじゃく,きじゃく,もろじゃく,ぜいよわ,もろくて弱いこと。システムや体制の弱点を指す際にも使われる。
脆弱,ぜいじゃく,きじゃく,ぜいよわ,ぜじゃく,もろいこと。
脆弱,ぜいじゃく,きじゃく,よわよわしい,ぜいじゃく,もろくて弱いこと。身体や組織、システムなどが不完全な様子。
脆弱性,ぜいじゃくせい,きしゃくせい,よわじゃくせい,ぜいじゃくしょう,コンピュータ等の安全上の欠陥、またはもろさ。
赤裸々,せきらら,あからら,あか裸々,せきはだか,包み隠さず、すべてをありのままにすること。
折衷,せっちゅう,おりちゅう,せつちゅう,せっこう,双方を取り入れること。
折半,せっぱん,おらはん,せつはん,おりはん,二等分にすること。
折檻,せっかん,おりかん,せつかん,せっけん,厳しく叱ること。
雪崩,なだれ,ゆきくずれ,せつほう,ゆきなだ,山の斜面に積もった雪が崩れ落ちる現象。「ゆきくずれ」は誤読で「なだれ」が正しい。
舌鼓,したつづみ,したづつみ,したつづみ,したぽん,あまりの美味しさに舌を鳴らすこと。「したづつみ」は誤読・慣用。
先見の明,せんけんのめい,さきみのめい,せんけんのあきら,さきみのあきら,将来何が起こるかをあらかじめ見抜く知恵。
洗礼,せんれい,あらいれい,せんらい,せんれつ,キリスト教の入信儀式、または最初の試練。
穿つ,うがつ,ほじる,うがつす,せんつ,本質を捉える、または穴をあける。
漸減,ぜんげん,ざんげん,ぜんかん,せんげん,少しずつ減ること。
漸次,ぜんじ,じょじ,せんじ,ぜんつぎ,だんだんと・少しずつという意味。「漸次改善される」などの形で使われる。
漸次,ぜんじ,ざんじ,せんじ,ぜんし,順に少しずつ。
漸次,ぜんじ,ざんじ,ようやくじ,ざんじじ,だんだんと、次第に。※「暫時（しばらくの間）」と混同注意。
漸次,ぜんじ,ざんじ,しんじ,ぜんし,だんだんと、しだいに。時間の経過とともに少しずつ変化する様子。
漸進,ぜんしん,ざんしん,せんしん,ぜんじん,少しずつ進むこと。
漸増,ぜんぞう,ざんぞう,ぜんそう,せんぞう,少しずつ増えること。
全幅,ぜんぷく,ぜんはば,ぜんぱく,まったくはば,あらゆる限りの、すべての。「全幅の信頼」などと使う。
措辞,そじ,しょじ,さじ,そうじ,言葉遣い。
措置,そち,しょち,さち,そうち,必要な処置。
措置法,そちほう,しょちほう,そうちほう,さちほう,特別法。
措定,そてい,しょてい,そうてい,さだてい,仮に定めること。
疎外,そがい,うとがい,しょがい,そとがい,仲間外れにすること・社会や集団から切り離されること。「疎外感」などの形でよく使われる。
粗利益,あらりえき,そりえき,そりえき,あらりやく,売上高から売上原価を差し引いた、大まかな利益のこと。売上総利益。
素人,しろうと,そじん,すひと,しろひと,その道の専門でない人・未経験者。「そじん」は誤読で「しろうと」が正しい。
素人,しろうと,そじん,すじん,しにん,専門家でない人。
遡行,そこう,さくこう,さかのぼり,そぎょう,流れをさかのぼって行くこと。物事の過去にさかのぼって調べること。
早乙女,さおとめ,はやおとめ,そうおとめ,さおとご,田植えをする若い女性のこと。また女性の名前にも使われる。
早急,さっきゅう,そうきゅう,はやきゅう,そっきゅう,非常に急ぐこと。「そうきゅう」も許容されているが、本来の読みは「さっきゅう」。
早急,さっきゅう,そうきゅう,さきゅう,そうきゅ,急ぐこと。
相応,そうおう,あいおう,そうおうう,あいおうう,ふさわしいこと。
相応しい,ふさわしい,そうおうしい,あいおうしい,そうわしい,釣り合っている。
相好,そうごう,そうこう,あいこう,あいごう,表情や顔立ちのこと。
相好,そうごう,そうこう,あいこう,そうごう,顔の表情、顔立ち。（相好を崩す：顔をほころばせて喜ぶ）。
相克,そうこく,あいこく,そうかつ,そうごく,対立すること。
相殺,そうさい,あいさつ,そうさつ,あいさい,互いの利害・損得を差し引いてゼロにすること。「あいさつ（挨拶）」とは別の語。
相殺,そうさい,あいさつ,そうさつ,あいさい,差し引きすること。
相殺,そうさい,そうさつ,あいさつ,あいさい,互いの貸し借りを差し引いて帳消しにすること。
相殺,そうさい,そうさつ,あいさつ,そうさい,互いの貸し借りを差し引いて帳消しにすること。利害や効果を消し合うこと。
相乗効果,そうじょうこうか,あいのりこうか,そうじょうこうが,そうじょうか,互いに高め合う効果。
相槌,あいづち,そうつい,あいづつ,そうづち,会話で打つ受け答え。
相俟って,あいまって,そうまって,あいまたって,そうまたって,互いに作用して。
草鞋,わらじ,くさあし,そうかい,くさぐつ,わらで編んだ履物。「そうかい」「くさあし」は誤読で「わらじ」が正しい。
霜,しも,そう,こおりつゆ,しらしも,気温が下がり地表に凍りついた水分。「そう」は音読みで「しも」が正しい。
贈呈,ぞうてい,そうてい,ぞうじょう,おくりてい,贈ること。
造詣,ぞうけい,ぞうし,つくりけい,つくりし,その分野の学問や技術に深い知識と理解があること。
即ち,すなわち,そくち,つまり,ただち,言い換えれば・つまり・その場でという意味。接続詞として広く使われる。
即席,そくせき,すぐせき,そくばしょ,すぐばしょ,その場ですぐに用意すること。
足跡,あしあと,そくせき,あしあと,あしせき,人や動物が歩いた跡。業績の意味では「そくせき」とも読む。
足袋,たび,そくたい,あしぶくろ,あしたい,和装に使う布製の履物。「そくたい」は誤読で「たび」が正しい。
続投,ぞくとう,つづきとう,しょくとう,ぞくなげ,引き続き担当すること。
続柄,つづきがら,ぞくがら,つながら,つづきばら,親族関係の呼び方。父・母・兄弟など、家族の間柄を表す語。
続柄,つづきがら,ぞくがら,つづきへい,ぞくへい,親族関係。
続柄,つづきがら,ぞくがら,つながり,つづきばら,親族関係の呼び方。父・母・兄弟など、家族の間柄を表す語。
他愛ない,たあいない,たわいない,ほかあいない,たいない,とりとめがない。
他山の石,たざんのいし,たやまのいし,たざんのいわ,たやまのいわ,他人の誤った言動を見て、自分の戒めとすること。
他人事,ひとごと,たにんごと,ほかびとごと,たじんごと,自分に関係ないこと。
他人事,たにんごと,ひとごと,たにんじ,ひとじ,自分に関係のないこと。「ひとごと」が本来の読み。
他人事,ひとごと,たにんごと,あだごと,たにんじ,自分には無関係な、他の人に関する事柄。
体裁,ていさい,たいさい,たいさい,ていざい,外から見た様子、格好、世間体。書類などのレイアウトや体裁。
対峙,たいじ,たいじじ,むかいじ,むかいじじ,向かい合ってそびえ立つこと、または対抗して睨み合うこと。
代替,だいたい,だいがえ,かわりたい,だいたえ,他のものに置き換えること。「だいがえ」は誤読。正しくは「だいたい」。
代替,だいたい,だいがえ,よたい,だいたいえ,代わりにすること。
代替,だいたい,だいがえ,だいかえ,だいたいえ,それに見合う他のもので代えること。代わりのもの。
代弁,だいべん,たいべん,よべん,だいへん,代わりに話すこと。
台頭,たいとう,だいとう,だいあたま,たいず,勢力を増して、表面に現れてくること。頭角を現すこと。
大衆,たいしゅう,だいしゅう,おおしゅう,たいしゅうう,一般の民衆。
大勢,たいせい,おおぜい,だいぜい,たいせい,物事の全体の形勢、大きな流れ。※画像「大勢(が決まる)」は「たいせい」。
大団円,だいだんえん,だいだんまる,おおだんえん,だいとえん,物語や事件などが丸く収まって終わること。「だんえん」が正しく「だんまる」は誤り。
大舞台,おおぶたい,だいぶたい,だいステージ,おおステージ,重要な活躍の場、実力を発揮する大きな晴れの舞台。
端役,はやく,たんやく,はしやく,はやく,演劇や映画などで、重要性の低い重要でない役。重要性の低い役割。
耽溺,たんでき,たんじゅん,ふけでおぼれる,たんできき,ひとつのことに夢中になって溺れること。
暖簾,のれん,だんれん,あたためとばり,おんとばり,商店の入口に垂らす布製の仕切り。「だんれん」は誤読で「のれん」が正しい。
知悉,ちしつ,ちこと,ししつ,ちしつう,知り尽くすこと。
稚拙,ちせつ,わかへた,じせつ,ちしつ,幼稚でつたないこと。技術や文章などが未熟な様子を指す。
竹刀,しない,たけがたな,ちくとう,たけとう,剣道の稽古に使う竹製の剣。「ちくとう」は誤読で「しない」が正しい。
逐次,ちくじ,おいおいじ,たくじ,ちゅくじ,順を追って次々と行うこと。「逐次処理」「逐次報告」などの形で使われる。
逐次,ちくじ,ついじ,おって,ちくし,順を追って次々に行う様子。順次に。
茶飯事,さはんじ,ちゃはんじ,ちゃめしごと,さはんこと,日常のありふれたこと。きわめて普通な出来事。
嫡子,ちゃくし,てきし,嫡子,ちゃくし,正妻の産んだ最初の子。家督を継ぐべき子。
仲人,なこうど,なかにん,ちゅうじん,なかびと,結婚の仲介をする人。「ちゅうじん」は誤読で「なこうど」が正しい。
丁重,ていちょう,ひのとじゅう,ていじゅう,ひのとちょう,礼儀正しく、手厚いこと。
凋落,ちょうらく,しゅうらく,おちぶれ,ちょうらく,勢いが衰えて落ちぶれること。花や葉がしぼんで落ちること。
彫琢,ちょうたく,ほりたく,ちょうず,ほりず,詩や文章を美しく練り上げること。
暢気,のんき,ちょうき,のびき,ゆっくり,細かいことを気にせず、おっとりとしている様子。「暢気者」「暢気な性格」の形で使われる。
蝶,ちょう,てふ,ちょうちょ,ひら,鱗翅目の昆虫。古語では「てふ」と書いた。
長大,ちょうだい,ながおお,ちょうたい,ながたい,非常に長くて大きいこと。
鳥獣,ちょうじゅう,とりけもの,ちょうけもの,とりじゅう,鳥と獣。
鳥瞰,ちょうかん,とりかん,ちょうがん,とりみ,全体を見渡すこと。
直向き,ひたむき,ちょくむき,なおむき,ひたむきき,一つのことに一生懸命に向かう様子。
直訴,じきそ,ちょくそ,なおそ,じかそ,直接訴えること。
直訴,じきそ,ちょくそ,なおそ,じきそす,手続きを踏まずに直接目上の人に訴えること。
陳腐,ちんぷ,ちんくさ,ふるぷ,ふるくさ,古くさくて、ありふれていてつまらないこと。
追従,ついじゅう,ついしょう,おいじゅう,おいしたがう,他人の後に従うこと。「ついしょう」はへつらうこと。
追従,ついしょう,ついじゅう,おいしたがい,ついしょう,他人の意見にそのまま従うこと。こびへつらうこと。※画像「追従(を言う)」は「ついしょう」。
椿,つばき,ちん,はるのはな,とうかはな,常緑樹で冬から春に花を咲かせる。「ちん」は誤読で「つばき」が正しい。
釣瓶,つるべ,つりべ,つるべ,つりびん,井戸から水を汲み上げるための、縄をつけた桶。
定石,じょうせき,ていせき,さだいし,ていいし,囲碁の決まった打ち方、または物事の定番の方法。
定石,じょうせき,ていせき,さだめいし,じょういし,囲碁で、昔から研究されている最善とされる決まった打ち方。物事の定番の手順。
諦める,あきらめる,ていめる,すてめる,やめる,望みを捨てて断念すること。「諦観」と同じ「諦」の字。仏教語が語源。
諦観,ていかん,あきらめかん,ちかん,たいかん,物事の本質を見通すこと、または迷いなく諦めの境地に達すること。
適宜,てきぎ,てきよろしく,てきぎぎ,てきよろし,各自の判断でその場にぴったり合うように行うこと。
適宜,てきぎ,てきせん,てきよろし,てきよし,その場の状況に合わせて、各自の判断で都合よく行う様子。
天下逸品,てんかいっぴん,てんかいつぴん,てんげいっぴん,てんかいちひん,世の中に並ぶものがないほど優れた品。
天賦,てんぷ,てんもち,てんぶ,てんぶぶ,生まれつき備わっている才能など。
添付,てんぷ,てんふ,そうふ,てんつけ,付け加えること。
貼紙,はりがみ,ちょうし,てんし,はりし,貼り付けた紙。
貼紙,はりがみ,ちょうし,てんぷし,ちょうがみ,壁などに貼る紙。「ちょうし」は誤読。
貼替,はりかえ,てんかえ,ちょうかえ,はりがえ,貼り替えること。
貼付,てんぷ,ちょうふ,はりつけ,てきふ,書類などを貼り付けること。「ちょうふ」は俗読みで、正しくは「てんぷ」。
貼付,ちょうふ,てんぷ,はりつけ,ちょうつけ,貼り付けること。
貼付,てんぷ,ちょうふ,はりつけ,てきふ,書類などを貼り付けること。「ちょうふ」は俗読みで、正しくは「てんぷ」。
転変,てんぺん,てんべん,ころへん,てんへん,移り変わること。
伝播,でんぱ,でんばん,つたわり,でんぱ,広く伝わり、広がっていくこと。波動や文化などが他に広まること。
澱,おり,でん,にごりしたに,しずみ,液体の底に沈んだ不純物・沈殿物。「でん」は音読みで「おり」が正しい。
田舎,いなか,でんしゃ,たいなか,たいなわ,都市から離れた自然豊かな地方。「でんしゃ」は誤読で「いなか」が正しい。
兎も角,ともかく,うさぎかく,とりあえず,ともかど,それはさておき・いずれにせよという意味。「兎も角、まずやってみよう」などの形で使われる。
度外視,どがいし,たびがいし,どそとし,たびそとし,全く問題にしないこと。
土産,みやげ,どさん,つちうまれ,どうさん,旅先などから持ち帰る贈り物。「どさん」は誤読で「みやげ」が正しい。
土壇場,どたんば,つちだんば,どだんば,つちたんば,決断を迫られる最後の場面。
唐突,とうとつ,からとつ,とうつき,からつき,前触れもなく急で、不意であること。
淘汰,とうた,たいた,あらいた,たいだ,良いものを残し、不要なものを排除すること。
等閑,とうかん,とうかんん,ひとしひま,などか,物事をいい加減に扱うこと。「なおざり」とも読む。
答弁,とうべん,こたえべん,とうべつ,こたえべつ,質問に対して返答や説明をすること。
藤,ふじ,とう,のはな,むらさきのはな,紫色の花を咲かせるつる性の植物。「とう」は音読み。
踏査,とうさ,ふみさ,とうしゃ,ふさ,現地調査。
踏襲,とうしゅう,ふしゅう,とうしょう,ふとう,前例を受け継ぐこと。
踏襲,とうしゅう,ふみしゅう,とうしゅうう,ふみつぎ,前人のやり方をそのまま受け継ぐこと。
踏破,とうは,ふみは,とうば,ふは,歩いて制覇すること。
逃避,とうひ,にげひ,とうし,のがれひ,現実や困難から逃げること。「現実逃避」「逃避行動」などの形で使われる。
頭角,とうかく,あたまつの,ずかく,あたまかく,才能や実力が周囲よりも抜きん出ること。
読経,どきょう,よみきょう,とっきょう,どうきょう,お経を声に出して読むこと。「よみきょう」は誤読で「どきょう」が正しい。
読経,どきょう,どっけい,よみきょう,どくきょう,お経を声に出して読むこと。
読破,どくは,よみやぶり,どくぱ,よみは,本を最後まですべて読み切ること。
凸凹,でこぼこ,とつおう,とつぼこ,でこうお,表面が平らでなく出っ張りやへこみがある様子。「とつおう」は音読み。
突風,とっぷう,つきかぜ,とつふう,つきぷう,急に激しく吹く風。
内省,ないせい,ないしょう,うちかえりみ,うちせい,自分の考えや行動を深く反省すること。
内包,ないほう,うちづつみ,ないぽう,ないよう,含み持つこと。
内裏,だいり,ないり,うちり,だいりい,皇居、またはお雛様の男雛と女雛。
凪,なぎ,てい,かぜなし,しずかうみ,風がやんで波が静まった状態。「てい」は誤読で「なぎ」が正しい。
捺印,なついん,おしいん,なつし,さついん,書類に印鑑を押すこと。「押印」と同じ意味。「なついん」が正しい読み。
難解,なんかい,だんかい,なんげ,なんけ,理解しにくいこと。
難儀,なんぎ,だんぎ,なんぎょう,なんき,苦労すること。
難詰,なんきつ,むずきつ,なんづめ,むずづめ,欠点を厳しくなじること。
難航,なんこう,だんこう,なんごう,なんぎょう,順調に進まないこと。
難航,なんこう,むずこう,なんこうう,かたこう,障害が多くて進行が遅れること。
難渋,なんじゅう,なんしぶ,なんじゅ,だんじゅう,苦労すること。
難色,なんしょく,なんいろ,だんしょく,なんじき,気が進まない様子。
難読,なんどく,だんどく,なんよみ,なんとく,読みにくいこと。
肉汁,にくじゅう,にくじる,にくしる,にくじゅ,肉を調理したときに出る、旨味を含んだ汁。
日常生活,にちじょうせいかつ,ひびじょうせいかつ,にちじょういき,ひびじょういき,普段の毎日の暮らし。
日和,ひより,にちわ,にっわ,にちゆう,空模様・天気の具合のこと。「にちわ」は誤読で「ひより」が正しい。
日和,ひより,にちわ,ひわ,にちより,天候、または物事をするのに都合の良い天気。
日和,ひより,にちわ,ひわ,にちより,空模様、天気。また、物事をするのに都合のよい天気。
乳離れ,ちばなれ,にゅうばなれ,ちちばなれ,にゅうりばなれ,母乳をやめること。
乳離れ,ちばなれ,ちちばなれ,にゅうばなれ,ちちばな,幼児が母乳を飲むのをやめること。また、親から精神的に自立すること。
如実,にょじつ,じょじつ,ごとじつ,にょじつ,実際の通りであること、ありのまま、生き生きとしている様子。
年俸,ねんぽう,ねんぼう,としほう,ねんぽく,1年を単位として支給される給与や報酬の額。
粘着,ねんちゃく,ねばちゃく,ねんちゅう,ねばちゅう,ぴったりとくっついて離れないこと。
能弁,のうべん,のうべつ,あたべん,あたべつ,言葉巧みに、しゃべるのが上手なこと。
把握,はあく,はにぎり,ばあく,はわく,しっかり理解すること。
把握,はおく,はつかみ,はあく,わがて,内容をしっかりと理解し、自分のものにすること。
把握力,はあくりょく,ばあくりょく,はわくりょく,はにぎりりょく,理解する力。
把持,はじ,はもち,ばじ,はし,しっかり持つこと。
波及,はきゅう,なみきゅう,はきう,なみきう,影響がだんだんと周囲に広がっていくこと。
波止場,はとば,なみとば,はしば,なみどば,船が停泊し荷物の積み降ろしをする所。「なみとば」は誤読で「はとば」が正しい。
波紋,はもん,なみもん,はぶん,はばん,水面に広がる同心円状の波。また、社会に広がる影響を指す。
破格,はかく,やぶかく,はかくく,やぶかくく,一般的・標準的な基準を大きく外れて格別なこと。
破綻,はたん,はじょう,やぶれたん,はじれつ,計画や事業などが行き詰まり、うまくいかなくなること。
破綻,はたん,はじょう,やぶじょう,はてい,物事が成り立たなくなること。
破天荒,はてんこう,やぶてんこう,はてんあら,やぶてんあら,前人未到の偉業を成し遂げること。※豪快という意味は誤り。
拝見,はいけん,はいみ,おがみけん,はいげん,見ることの謙譲語。
拝読,はいどく,はいよみ,おがみどく,はいとく,読むことの謙譲語。
梅雨,つゆ,ばいう,うめあめ,うめゆ,6月ごろに続く長雨の時期。「ばいう」は漢語読み、「つゆ」が日本語読み。
博学,はくがく,ばくがく,ひろがく,はっがく,広い分野の知識を持っていること。
博識,はくしき,ひろしき,ばくしき,はっしき,幅広い知識をたくさん持っていること。
白髪,しらが,はくはつ,しろかみ,しろがみ,色素が抜けた白い髪の毛。「しらが」が和語の読み、「はくはつ」は漢語読み。
箸,はし,ちょ,たべもの,しょくじき,食事に使う細長い棒状の道具。「ちょ」は音読みで「はし」が正しい。
発起,ほっき,はっき,はつき,ほき,計画を起こすこと。
発祥,はっしょう,ほっしょう,はつしょう,ほしょう,物事の始まり。
発祥地,はっしょうち,ほっしょうち,はつしょうち,ほしょうち,始まりの場所。
発足,ほっそく,はっそく,はつそく,ほつそく,組織などが始まること。
発端,ほったん,はったん,ほつたん,はつたん,物事の始まり。
抜群,ばつぐん,ぬきぐん,ばっぐん,ぬきむら,周囲と比べて特に優れていること。
反故,ほんご,はんこ,はんこお,ほんこ,書き損じた紙、または約束を無効にすること。「ほご」とも。
反故,ほご,はんご,ほうご,ほこ,役に立たなくなった紙。約束や取り決めをなかったことにすること。
汎化,はんか,ぼんか,はんげ,ひろか,一般化すること。
汎用,はんよう,ぼんよう,はんゆう,ひろよう,広く使えること。
汎用,はんよう,ぼんよう,はんもち,ぼんもち,一つの用途に限らず、広くさまざまな方面や目的に用いること。
繁盛,はんじょう,はんせい,しげもり,はんじょうう,賑わって栄えること。
繁茂,はんも,しげも,はんもお,しげもお,草木が盛んに生い茂ること。
批准,ひじゅん,ひじゅ,ひじゅんん,ひせつ,条約を最終的に確認して承認すること。
批難,ひなん,うつなん,ひなんん,うつなんん,人の過ちや欠点を責めること。通常は「批判」「非難」を使う。
飛沫,しぶき,とびまつ,ひまつ,とびしる,液体が細かく飛び散ったもの。「ひまつ」は感染症関連で使われるが「しぶき」が本来の読み。
微塵,みじん,びじん,ちいさじん,びちり,非常に細かい粒・ごくわずかのこと。「びじん（美人）」とは異なる語。
美辞麗句,びじれいく,びじうるわしく,びことれいく,うつくしことばれいく,うわべだけを美しく飾った、中身のない言葉。
美人局,つつもたせ,びじんきょく,びじん局,みとせ,夫婦などが共謀し、妻に他の男を誘惑させ、それを言いがかりに金品を脅し取る狂言。
柊,ひいらぎ,しゅう,いがき,とげき,葉に鋭いトゲを持つ常緑樹。「しゅう」は誤読で「ひいらぎ」が正しい。
逼迫,ひっぱく,きんぱく,せまりはく,ひきはく,事態が差し迫って余裕がなくなること。財政・状況が追い詰められた状態。
逼迫,ひっぱく,ふくはく,ひつはく,びっぱく,事態が差し迫って余裕がないこと。
紐帯,ちゅうたい,ひもたい,じゅうたい,つながりたい,人と人、国と国などをつなぐ絆・きずな。「家族の紐帯」などの形で使われる。
百舌,もず,ひゃくぜつ,ものまね,もうぜつ,小型の猛禽類の鳥。さまざまな鳥の声を真似ることから「百の舌」。
氷山の一角,ひょうざんのいっかく,こおりやまのいっかく,ひょうざんのひとつのつの,こおりやまのひとつのつの,現れている事象が、全体のほんの一部にすぎないこと。
頻出,ひんしゅつ,びんしゅつ,ひんで,びんで,よく現れること。
頻繁,ひんぱん,びんぱん,ひんばん,びんばん,たびたび起こること。
不世出,ふせいしゅつ,ふよで,ぶせいしゅつ,ふせいしつ,めったに世に現れないほど優れた。
不貞腐れる,ふてくされる,ふていくされる,ふてぐされる,ふてくさる,不満や反抗心から投げやりな態度をとること。「ふていくされる」は誤読。
不憫,ふびん,ふびんん,かわいそう,ぶびん,哀れでかわいそうな様子。
布石,ふせき,ぬのいし,ふいし,ぬのせき,将来のためにあらかじめ打っておく手回し。
敷設,ふせつ,しきせつ,しきまう,ふせつう,鉄道や電線を設置すること。
普及,ふきゅう,ふきゅうう,あまねきゅう,ふきう,広く行き渡ること。
普及啓発,ふきゅうけいはつ,ふきゅうひらきはつ,ふきうけいはつ,ふきうひらきはつ,広く行き渡らせ、理解を深めさせること。
普遍,ふへん,ふべん,あまねあまね,ふへんん,すべてに共通して広く当てはまること。
普遍的,ふへんてき,ふべんてき,あまねてき,ふへんてきき,すべてのものに共通して当てはまる様子。
楓,かえで,ふう,もみじき,あきのき,秋に紅葉する落葉樹。「ふう」は別種（フウ）の音読みで混同されやすい。
払拭,ふっしょく,はらいふく,ふっし,はらいしき,すっかり取り除くこと。「不安を払拭する」の形でよく使われる。
分限,ぶんげん,ぶんげ,わけげん,ぶんげんん,その人の身分や財産の程度。
雰囲,ふんい,ふいん,あんい,ほうい,ある場所全体に漂う気配・ムード（「雰囲気」の略ではない単語として）。
雰囲気,ふんいき,ふいんき,ふんき,ふにんき,その場に漂う独特の気配・情緒。「ふいんき」は誤読として定着しているが、正しくは「ふんいき」。
雰囲気,ふんいき,ふいんき,ふんき,ふんいきき,その場を満たしている気分や、独特の空気感。
平穏,へいおん,たいらおん,へいおんん,たいらおんん,変わったことがなく、穏やかなこと。
平生,へいぜい,へいせい,ひらなま,へいじょう,ふだん、いつも、平素。日常の様子。
蔑む,さげすむ,べつむ,みくだむ,いやしむ,相手を劣ったものとして見下すこと。軽蔑する・馬鹿にする意味。
蔑視,べっし,さげすみし,みくだし,へいし,見下すこと・軽蔑して扱うこと。「女性蔑視」「弱者蔑視」などの形で使われる。
偏屈,へんくつ,へんほり,へんつつ,かたくつ,ひねくれていること。
偏見,へんけん,へんみ,かたよりけん,へんげん,先入観。
偏在,へんざい,へんさい,かたよざい,へんあり,偏って存在すること。
偏重,へんちょう,へんじゅう,かたよりちょう,へんしょう,一方に偏ること。
変貌,へんぼう,へんかお,へんぼうう,へんかおう,姿や様子がすっかり変わること。
片鱗,へんりん,かたりん,へんうろこ,かたうろこ,ほんの一部。
返戻,へんれい,へんもどり,へんろ,へんとう,返却すること。
放埓,ほうらつ,ほうらつつ,はなちらつ,ほうらつち,勝気で気まま、だらしないこと。
蜂,はち,ほう,さしむし,とびむし,毒針を持つ昆虫の一種。「ほう」は音読みで「はち」が正しい。
睦月,むつき,もくつき,しんげつ,むつかつき,旧暦1月の別名。人々が打ち解け「むつびあう」月という意味。
勃発,ぼっぱつ,おこりはつ,ぼつはつ,おこりぱつ,事件などが急に起きること。
本懐,ほんかい,ほんけ,もとかい,ほんかいいた,本来の願いや本望。
凡ミス,ぼんみす,はんみす,ぼうみす,ぼんめす,単純なミス。
凡人,ぼんじん,はんじん,ぼんにん,ぼうじん,普通の人。
凡退,ぼんたい,はんたい,ぼんてい,ぼうたい,平凡なアウト。
凡退王,ぼんたいおう,はんたいおう,ぼんていおう,ぼうたいおう,野球の記録。
凡百,ぼんぴゃく,はんぴゃく,ぼんびゃく,ぼんひゃく,多くの平凡なもの。
凡庸,ぼんよう,はんよう,ぼんゆう,ぼんようう,平凡なこと。
凡例,はんれい,ぼんれい,ぼんたとえ,はんたとえ,書物・地図などの使い方や記号を説明した部分。「凡例を参照」などの形で使われる。
凡例,はんれい,ぼんれい,はんらい,ぼんらい,説明の見本。
凡例,はんれい,ぼんれい,なみれい,ぼんれいいた,本の巻頭などにある、見方や使い方の決まり。
凡例,はんれい,ぼんれい,なみれい,はんれい,書物の初めに、その編纂の方針や利用の仕方を箇条書きにしたもの。
凡例集,はんれいしゅう,ぼんれいしゅう,はんらいしゅう,ぼんらいしゅう,凡例を集めたもの。
埋蔵,まいぞう,うめぞう,まぞう,まいそう,埋めて保存すること。
埋没,まいぼつ,うもつ,まいもつ,うめぼつ,埋もれること。
埋没,まいぼつ,うめぼつ,まいもつ,うめもつ,埋もれて見えなくなること、または世間に埋もれて目立たないこと。
幕間,まくあい,まくま,まくかん,まくあい,演劇などで、一つの幕が閉じてから次の幕が開くまでの間の休憩時間。
幕間,まくあい,まくま,まくかん,まくあい,演劇などの幕と幕との間の時間。休憩時間。
末期,まつご,まっき,すえき,まつご,人間の死に際、最期のこと。※画像「末期(の水)」は「まつごの水」。
万事,ばんじ,まんじ,よろずじ,よろずこと,すべてのこと。
万寿,まんじゅ,ばんじゅ,よろずじゅ,まんじゅじゅ,長寿を祝う言葉。
万全,ばんぜん,まんぜん,よろずぜん,ばんぜん,少しの手落ちもない、完璧で絶対に安全な様子。
満身創痍,まんしんそうい,まんしんきず,みつみそうい,まんしんそうき,体中が傷だらけ、または非難を浴びている状態。
未婚,みこん,びこん,みごん,みけん,結婚していないこと。
未曾有,みぞう,みぞうう,みそう,いまだかつてない,いまだかつて起こったことがない珍しいこと。
未曽有,みぞう,みそうゆう,みそう,みぞゆう,今までにないこと。
未曽有,みぞう,みぞうゆう,みぞう,いままで一度も起こったことがないような珍しい出来事。,。
脈診,みゃくしん,ばくしん,みょうしん,みゃくせん,脈を見る診察。
脈拍,みゃくはく,みゃくぱく,ばくはく,みゃくひょう,脈の回数。
脈々,みゃくみゃく,みゃくばく,ばくばく,みゃくやく,絶えず続くこと。
脈絡,みゃくらく,みゃくらく,ばくらく,みょうらく,つながり。
妙味,みょうみ,たえみ,みょうみい,みょうび,優れた味わいやおもしろみ。
名残,なごり,みょうさん,なのこり,なごろ,別れの名残・物事が終わった後に残る余韻。「みょうさん」は誤読。
名代,なだい,みょうだい,めいだい,なだい,評判が高いこと、有名であること。または代理人のこと。※画像「名代(の店)」は「なだい」。
名誉,めいよ,みょうよ,なよ,めいよお,誇りとなる良い評判。
明後日,あさって,みょうごにち,あけごにち,あしたあした,今日の2日後のこと。「みょうごにち」は音読みで「あさって」が正しい。
面目,めんぼく,めんもく,めんぶつ,かおめ,世間に対する名誉や立場。「めんもく」も正解。
猛者,もさ,もうじゃ,たけもの,もうしゃ,武勇に優れた人、あるいは特定の分野で非常に実力や勢力がある人。
木綿,もめん,きわた,もくめん,もくわた,綿花から作られる繊維・布地。「もくめん」は誤読で「もめん」が正しい。
木霊,こだま,きだま,もくれい,きれい,山や森で声や音が反響する現象。木に宿る精霊の意味もある。
黙示録,もくしろく,もくじろく,もくしろく,黙示,キリスト教における、世界の終末と最後の審判を記した書物。隠された真実の開示。
目論見,もくろみ,めろんみ,もくがんけん,めのもくろみ,計画や企てのこと。
尤も,もっとも,ゆうも,ただし,まこと,確かにその通りという意味、または「ただし」という接続詞としても使われる。
野暮,やぼ,のぼ,やば,のば,洗練されておらず、融通が利かないこと。
弥生,やよい,いやおい,みつき,よもき,旧暦3月の別名。草木がいよいよ生い茂る月という意味。
役務,えきむ,やくむ,えきむ,やくぶ,他人のために行う労働やサービス、仕事のこと。
輸出,ゆしゅつ,ゆうしゅつ,しゅしゅつ,ゆで,国外へ売ること。
輸入,ゆにゅう,ゆうにゅう,しゅにゅう,ゆいれ,国外から買うこと。
唯々諾々,いいだくだく,ただただだくだく,ゆいゆいだくだく,いいだく,他人の言いなりになる様子。
悠然,ゆうぜん,のんびりぜん,ゆっくりぜん,ゆうねん,落ち着いてゆったりとしている様子。「悠然と構える」などの形で使われる。
憂鬱,ゆううつ,ゆうめつ,うれいうつ,ゆうこつ,気持ちが晴れず、ふさぎ込んでいる状態。難しい漢字だが読みもよく間違えられる。
有頂天,うちょうてん,ありちょうてん,ういただきてん,うぢょうてん,大喜びして我を忘れること。
遊興,ゆうきょう,ゆうこう,あそびきょう,ゆうきょうう,遊んで楽しむこと。
淀,よど,てん,たまりみず,ながれとまり,流れが止まって水が溜まること・地名にも使われる。「てん」は誤読で「よど」が正しい。
嵐,あらし,らん,かぜあめ,おおかぜ,激しい風雨のこと。「らん」は音読みで「あらし」が正しい。
履修,りしゅう,ふしゅう,りしょう,りじゅう,学習課程を修めること。
履歴,りれき,ふくれき,りりゃく,りせき,過去の記録。
理不尽,りふじん,りふづん,わけふじん,りふしん,道理に合わないこと。
流転,るてん,りゅうてん,ながれころがり,りゅうでん,移り変わっていくこと。
流布,るふ,りゅうふ,ながれぬの,りゅうほ,世間に広く広まること。
硫黄,いおう,りゅうおう,きいし,きせき,黄色い非金属元素。「りゅうおう」は誤読で「いおう」が正しい。
輪廻,りんね,わね,りんかい,りんえ,生まれ変わり。
輪郭,りんかく,わかく,りんがく,りんこく,外形の線。
輪唱,りんしょう,わしょう,りんそう,りんじょう,順に歌うこと。
輪番,りんばん,わばん,りんはん,りんぼん,順番に担当。
励行,れいこう,はげこう,れいぎょう,はげみおこない,決めたことを厳しく実行すること。
礼賛,らいさん,れいさん,らいさん,れいざん,素晴らしいものとして褒めたたえ、崇めること。
廉価,れんか,けんか,れんが,れんけ,安価なこと。
廉価,れんか,けんか,やすか,れんが,商品の値段が安いこと。安価。
廉潔,れんけつ,けんけつ,れんきつ,れんかつ,清廉なこと。
廉恥,れんち,けんち,れんじ,れんし,恥を知ること。
廉売,れんばい,けんばい,れんうり,れんぱい,安売り。
漣,さざなみ,れん,さわさわなみ,こなみ,水面にそっと立つ細かい波。「れん」は音読みで「さざなみ」が正しい。
露,つゆ,ろ,しずく,あめつぶ,朝に草などに付く水滴。「ろ」は音読み。「したたり落ちる」意味でも使われる。
労資,ろうし,ろうじ,ろうしし,ろうしす,労働者と使用者（経営者）。
弄ぶ,もてあそぶ,ろうぶ,いじぶ,ひねぶ,面白半分に扱うこと。人の気持ちや物を軽んじて扱う行為にも使われる。
漏洩,ろうえい,もれよう,ろうもれ,ろうせつ,秘密や情報などが外部に漏れること。「ろうせつ」とも読むが、「ろうえい」が一般的。
狼狽,ろうばい,おおかみばい,ろうはい,おおかみうろたえ,慌てふためくこと。
歪曲,わいきょく,いがみきょく,おうきょく,わいくつ,事実を意図的にゆがめること。「事実を歪曲して伝える」などの形で使われる。
鰐,わに,がく,かわかみ,おおとかげ,熱帯の大型爬虫類。「がく」は音読みで「わに」が正しい。
藁,わら,こう,いねがら,かんそうくさ,稲などの穀物の茎を乾燥させたもの。「こう」は誤読で「わら」が正しい。
乖離,かいり,そむきり,こうり,かいはなれ,二つのものが離れてしまうこと。理想と現実の「乖離」などの形で使われる。
乖離,かいり,けいり,あいり,かいれつ,かけ離れること。
俯せる,うつぶせる,ふせる,ふかせる,うつせる,うつ伏せにする。
俯仰,ふぎょう,ふこう,うぎょう,ふよう,見上げたり見下ろしたり。
俯瞰,ふかん,うかん,ふがん,ふみ,高所から見下ろすこと。
冤罪,えんざい,うさぎつみ,おんざい,えんさい,無実の罪。
刹那,せつな,さつな,しゃとな,くさり,非常に短い瞬間・時間。「刹那的な喜び」などの形で使われる。仏教語が語源。
剽窃,ひょうせつ,ぬすみせつ,ひょうたつ,びょうせつ,他人の文章・アイデアなどを盗んで自分のものとして使うこと。いわゆる「パクリ」の書き言葉。
呟く,つぶやく,げんく,つぶやき,げんくす,小声で言う。
嗚咽,おえつ,なきじゃくり,おいつ,あえつ,声を詰まらせながら泣くこと。悲しみや感動で泣きじゃくる様子。
嗜む,たしなむ,しむ,このむ,うしなむ,趣味として楽しむ・適度に親しむこと。「お茶を嗜む」「嗜み」などの形で使われる。
嗜好,しこう,たしなみこう,しこうう,たしなみこうう,好んで親しむこと。
奢侈,しゃし,おごり,しゃしし,おごりもの,必要以上に贅沢をすること。
彷徨う,さまよう,ほうこう,うろつく,まよう,あてもなくうろうろと歩き回ること。精神的に迷い続けることも指す。
忸怩,じくじ,はじはじ,にくに,じゅくじ,自分の行いを恥ずかしく思う気持ち。「忸怩たる思い」の形で使われる。
恣意,しい,じい,ほしいい,しき,自分の思うままにふるまう気まま・勝手な考え。「恣意的な判断」の形でよく使われる。
慇懃無礼,いんぎんぶれい,あんぎんぶれい,いんぎんぶらい,あんぎんぶらい,言葉や態度は丁寧すぎるほどだが、実は尊大で心がこもっていないこと。
慄く,おののく,りつく,ふるえく,おそれく,恐怖や寒さで体が震えること。強い恐れや畏れを感じる様子。
慄然,りつぜん,ぶるぜん,おそれぜん,りつねん,恐怖や衝撃で体が震えるほどぞっとする様子。「慄然とする光景」などの形で使われる。
憚る,はばかる,たんる,えんりょる,かたる,遠慮する・気がねすること。「人目を憚らず泣く」などの形で使われる。
懊悩,おうのう,なやみのう,あおのう,おうなや,悩み苦しむこと。深く思い悩んで胸を痛める状態を表す。
捏造,ねつぞう,でつぞう,こねつぞう,ねつくり,実際にないことを事実のように作り上げること。「記事を捏造する」などの形で使われる。
捏造,ねつぞう,でつぞう,こねづくり,ねつぞうう,事実でないことをでっち上げること。「でつぞう」は古い読み。
杞憂,きゆう,むだゆう,きうれい,もきゆう,取り越し苦労・無用な心配のこと。古代中国の「杞」という国の人が天が落ちてくることを心配した故事から。
檜,ひのき,かい,ひきのき,ひのちき,日本の代表的な針葉樹で建材として有名。「かい」は誤読で「ひのき」が正しい。
桎梏,しっこく,てかせ,じっこく,しっかく,手枷・足枷のこと。転じて、自由を束縛するものを指す。「桎梏から解放される」などの形で使われる。
瑕疵,かし,きず,かじ,けっし,欠点・傷・欠陥のこと。法律・不動産の分野で「瑕疵担保責任」などの形で使われる。
矜持,きょうじ,ほこりじ,きんじ,きょうち,自分の能力・価値への誇りや自負心。「プロとしての矜持」などの形で使われる。
矜持,きょうじ,きんじ,きょうじじ,きんじじ,自分の能力に対する誇り。「きんじ」は慣用読み。
礫,つぶて,れき,こいし,なげいし,小石・石ころ。投げる石の意味もある。「れき」は音読み。
蜻蛉,とんぼ,せいれい,とんぼう,せいろう,昆虫の一種。また「かげろう」とも読む。「せいれい」は誤読。
蝸牛,かたつむり,かぎゅう,うずまきむし,かいむし,陸生の巻き貝の一種。「かぎゅう」は音読みで「かたつむり」が訓読み。
訃報,ふほう,とほう,ふうほう,ほふう,死亡の知らせ。
訃報,ふほう,けいほう,ふぽう,しらせ,死去、死亡の知らせ。悲報。
詭弁,きべん,ごまかしべん,ぎべん,きべ,見た目は正しそうだが実際は誤った論理・議論。相手をごまかすための巧みな弁論。
詭弁,きべん,あやべん,きべんん,きべつ,こじつけの議論。
貪欲,どんよく,たんよく,むさぼりよく,どんにん,飽くことなく欲しがること。非常に強い欲求・欲望の強さを表す。
貪欲,どんよく,ひんよく,たんよく,どんよく,非常に欲が深いこと。また、知識などを強く求める様子。
贖う,あがなう,かうう,つぐのう,かえす,罪・過ちをつぐなうこと。代価を払って罪を清めるという意味。
贖罪,しょくざい,かうざい,ぞくざい,しょくつみ,自分の犯した罪や過ちをつぐなうこと。キリスト教的文脈でも使われる語。
跋扈,ばっこ,はびこり,ばつこ,はっこ,勢力を張って思うままに振る舞うこと。「悪がはびこる」の意味で使われる。
蹂躙,じゅうりん,ふみにじり,ぞうりん,じゅうにん,踏みにじること。人権や規則などを無視して踏みにじる行為。
蹉跌,さてつ,つまずきてつ,しゃてつ,さくてつ,物事がうまくいかず失敗・挫折すること。「蹉跌を経験する」などの形で使われる。
躊躇う,ためらう,ちゅうちょう,とまどう,まよう,決断できずに迷うこと。「躊躇なく行動する」の「躊躇」と同じ字。
辟易,へきえき,うんざり,かへき,ひきえき,嫌になってうんざりすること。しつこさや煩わしさに手を焼く様子。
逡巡,しゅんじゅん,ためらい,じゅんしゅん,せんじゅん,決断できずにためらうこと。「逡巡して一歩が踏み出せない」などの形で使われる。
逞しい,たくましい,ていしい,つよしい,ちからしい,体・精神が力強くしっかりしている様子。「逞しく育つ」などの形で使われる。
邁進,まいしん,ばいしん,まいしんん,ばいしんん,目標に向かってひたすら突き進むこと。
鑿,のみ,さく,ほりどうぐ,きりき,木や石を彫る工具。「さく」は音読みで「のみ」が正しい。
頌春,しょうしゅん,こうしゅん,ほめはる,しょうはる,新年を褒めたたえ、祝うこと。年賀状の賀詞。
鶯,うぐいす,おう,はるどり,きどり,春に「ホーホケキョ」と鳴く鳥。「おう」は誤読で「うぐいす」が正しい。
齟齬,そご,ぎょご,しょご,くいちがい,物事がうまく噛み合わず、食い違うこと。「齟齬をきたす」の形でよく使われる。
