漢字,読み,間違い1,間違い2,間違い3,意味
哀惜,あいせき,あいしゃく,あいじゃく,あいしょく,失ったものを惜しむこと。
愛玩,あいがん,あいそん,あいこう,あいかん,かわいがること。
愛顧,あいこ,あいぐ,あいこう,あいご,ひいきにすること。
愛称,あいしょう,あいしょうう,あいせい,あいじょう,親しみのある呼び名。
斡旋,あっせん,かんせん,あつせん,かっせん,間に入って取りまとめること。就職や取引などの世話。
宛先,あてさき,えんさき,あてせん,えんせん,郵便物や書類を送る相手の住所・名前。
安堵,あんど,あんと,やすど,あんろ,心配事が解消して安心すること。「安堵の表情」の形で使われる。
按摩,あんま,あんば,あんもう,あんも,体をもんで疲れをとる施術。マッサージ。
暗澗,あんかん,あんけい,あんたに,あんこく,人に知られない悩み苦しみ。
暗躍,あんやく,くらやく,あんえき,あんよう,表に出ず活動すること。
依拠,いきょ,いこ,いこう,いきょう,根拠とすること。
依然,いぜん,よりぜん,いぜんん,いさき,そのまま。
依然として,いぜんとして,いせんとして,よぜんとして,いまぜんとして,変わらず元のままで。
依存,いそん,いぞん,えそん,いしょん,他のものに頼って存在・機能すること。「いぞん」は慣用読みとして広く使われるが、本来は「いそん」。
依存心,いぞんしん,いそんしん,いじんしん,いぞうしん,頼る気持ち。
依頼心,いらいしん,いらいごころ,よりしん,いぞんしん,頼る気持ち。
依怙地,いこじ,いこうち,いこんじ,いごじ,意地を張ること。
委嘱,いしょく,いぞく,いしょく,いしょく,特定の仕事や業務を、外部の人に頼んで任せること。
委託,いたく,いしょく,いいたく,いたっく,任せること。
威嚇,いかく,いこう,いがく,いきょう,おどして相手をひるませること。
意気消沈,いきしょうちん,いきしょうしん,いきけしたか,いきしょうてん,元気がなくなって沈み込むこと。
意気地,いくじ,いきじ,いきち,い気地,物事をやり遂げようとする気力、根性。
意趣返し,いしゅがえし,いいしゅがえし,いしゅへんし,いすがえし,仕返し、報復のこと。
意訳,いやく,いわけ,いしき,いしき,外国語の言葉の表面的な意味にとらわれず、全体の意味をくみとって翻訳すること。
慰謝料,いしゃりょう,いさりょう,いしゃれい,いせいりょう,精神的な損害に対する賠償金。
慰撫,いぶ,なぐさぶ,いふ,いむ,なぐさめて安心させること。
畏怖,いふ,いほ,いぶ,かいふ,おそれおののくこと。
異口同音,いくどうおん,いこうどうおん,いぐちどうおん,いくどういん,皆が同じ意見。
萎縮,いしゅく,えいしゅく,なえしゅく,いちぢ,恐れなどで縮こまること。元気がなくなること。
遺憾,いかん,いざん,のこかん,いごん,期待通りにならず残念に思うこと。「遺憾に思う」「遺憾なく発揮する」などの形で使われる。
遺言,ゆいごん,いごん,のこりこと,ゆいこと,死後のために言葉を残すこと。「いごん」は法的な表現。
育む,はぐくむ,いくむ,そだくむ,いくぼ,大切に守って育てること。
育成,いくせい,そだせい,いくしょう,いくじょう,育て上げること。
一応,いちおう,いっちょう,いちよう,ひとおう,ひとまず。
一喝,いっかつ,いちかつ,ひとかつ,いっこう,大声で叱ること。
一括,いっかつ,ひとかつ,いちかつ,いっこう,まとめて扱うこと。
一期一会,いちごいちえ,いっきいちえ,いちきいちえ,いちごいちかい,一生に一度の出会いとして大切にすること。茶道の精神から生まれた言葉。
一筋縄,ひとすじなわ,いちすじなわ,いちじょうなわ,ひとすじじょう,普通の手段。多くは「?ではいかない」と否定を伴う。
一計を案じる,いっけいをあんじる,いっけいをあんずる,ひとけいをあんじる,いっけいをおんじる,良い考えを工夫して出すこと。
一見さん,いちげんさん,いっけんさん,ひとみさん,いちみさん,紹介などのない、初めての馴染みのない客のこと。
一昨昨日,さきおととい,いっさくさくじつ,さくさくじつ,ひとおととい,おとといの前の日のこと。
一昨日,おととい,いちさくじつ,いちさくにち,ひとつきのう,今日の2日前のこと。漢字の音読みで「いちさくじつ」と読みがちだが「おととい」が正しい。
一蹴,いっしゅう,いっそう,いっけり,いっしゅつ,簡単に退けること。
一新,いっしん,ひとあたらし,いちにゅう,いっしんん,すっかり新しくすること。
一炊の夢,いっすいのゆめ,いっしゃくのゆめ,いっすいのむ,ひとたきのゆめ,人生の栄華は儚いということ。
一世代,いっせだい,いっせいいちだい,ひとせだい,いちじだい,人が生まれてから親になるまでの約30年間。また、あるひとつの時代。
一切,いっさい,いっせつ,ひとくち,いっさい,全部、すべて。または（下に打ち消しの語を伴って）まったく、少しも。
一段,いちだん,ひとだん,いちだんらく,いったん,他と比べて程度が違うこと。
一段落,いちだんらく,ひとだんらく,いちだんおち,ひとだんおち,区切りがつくこと。
一朝一夕,いっちょういっせき,いっちょいっせき,いっちょういっちゅう,いっちょういっしき,わずかな時間。短い期間。
一堂,いちどう,ひとどう,いっちょう,いっどうう,一つの建物や同じ場所に集まること。
一入,ひとしお,いちにゅう,いちいり,ひとついり,ひときわ、いっそう。感情や状態が他と比べてより強まる様子。
一瞥,いちべつ,いちげつ,いっかい,いちえつ,ちらっと見ること。
一矢,いっし,いちや,いっや,ひとや,一本の矢。
逸失,いっしつ,いつしつ,いっせつ,いっそう,失うこと。
茨城,いばらき,いばらぎ,いばらしき,いばらき,関東地方にある県名の一つ。
因縁,いんねん,いんえん,ちなみに,いんゆかり,物事が生じる直接の因と間接の縁。宿命や因縁、言いがかり。
引導,いんどう,ひきみち,いんとう,ひきどう,あきらめるように最終的な宣告をすること。
隠蔽,いんぺい,おんぺい,かくぺい,いんへい,都合の悪いことを隠し覆うこと。
右往左往,うおうさおう,うゆうさゆう,みぎおうひだりおう,うおうさゆう,混乱してあちこち動き回ること。
迂回,うかい,うまわり,かんかい,うんかい,遠回りすること。
窺う,うかがう,けいう,のぞきう,うかう,そっと見る・様子を観察すること。また機会を待つこと。「隙を窺う」などの形で使われる。
閏年,うるうどし,じゅんねん,かんねん,うるうねん,2月が29日ある年のこと。
運否天賦,うんぷてんぷ,うんびてんぷ,うんぷてんぶ,うんふてんぷ,人の運命は天に任せるしかないということ。一か八かの運試し。
営む,いとなむ,えいむ,いとむ,えいなむ,仕事や生活を行うこと。
英邁,えいまい,えいばい,はなまい,えいまえ,才知が非常に優れていること。
閲読,えつどく,けつどく,えらんどく,えつよみ,読むこと。
閲兵,えっぺい,けっぺい,えつへい,えっへい,軍隊の視察。
閲覧,えつらん,けつらん,えらん,えつみ,見ること。
閲歴,えつれき,けつれき,えつりゃく,えつれつ,経歴。
怨敵,おんてき,えんてき,うらみてき,おにてき,恨みのある敵。
怨念,おんねん,えんねん,うらみねん,おんねん,強い恨みのこもった一念。深く根に持った怨み。
援護,えんご,えんこう,えんぐ,えんほ,助け守ること。
援用,えんよう,えんゆう,えんもう,えんおう,根拠として引用すること。
煙草,たばこ,えんそう,けむりくさ,たばご,葉を乾燥させて吸う嗜好品。「えんそう」は誤読で「たばこ」が正しい。
艶やか,つややか,えんやか,なまめやか,あでやか,なめらかで光沢があり美しい様子。肌・髪・果物などに使われる。
塩梅,あんばい,えんばい,しおうめ,えんべい,料理の味加減、物事の具合や加減、身体の調子。
凹凸,おうとつ,でこぼこ,ぼこでこ,へいとつ,くぼんでいるところと、高くなっているところ。高低や不平があること。
往還,おうかん,おうげん,おうがん,おうけん,行き来すること。
往訪,おうほう,おうぼう,おうぽう,おうぼ,訪ねて行くこと。
往来,おうらい,おうない,おうれい,おうたい,行き来すること。
応酬,おうしゅう,おうじゅう,おうとう,おうそう,やり取り。
応対,おうたい,おうてい,おうだい,こたいたい,応じること。
押印,おういん,おしいん,おしいん,お印,印鑑を書類に押すこと。捺印と同義。
押捺,おうなつ,おうな,おしなつ,おうだつ,印鑑や指紋を押すこと。
横溢,おういつ,おうえき,よこあふれ,よこいつ,水などがみなぎりあふれること。元気や才能などが満ちあふれている様子。
横行,おうこう,よここう,おうぎょう,ようこう,勝手な振る舞いが広がること。
横柄,おうへい,よこがら,おうがら,よこへい,威張って人を見下す態度。
黄昏,たそがれ,こうこん,きたそ,きこん,夕暮れ時・薄暗くなる時刻。転じて物事の衰退期を指す。「こうこん」は誤読。
乙女,おとめ,おつじょ,いつめ,いちじょ,年若い女性・少女のこと。「おつじょ」は誤読で「おとめ」が正しい。
恩赦,おんしゃ,おんじゃ,おんしょ,おんせい,刑罰を免除すること。
温和,おんわ,おんか,おんば,おんや,性格がおだやかなこと。
音声,おんせい,おんしょう,ねごえ,おとごえ,声や音。
下手,へた,しもて,したて,しもで,技術が劣っていること。舞台用語では「しもて」、謙遜語では「したて」とも読む。
下衆,げす,げしゅ,しもす,かじゅう,心の卑しい人、下劣な人。身分の低い人。
何卒,なにとぞ,なにそつ,どうか,なんとぞ,どうか・ぜひともという意味の丁寧な依頼表現。手紙文などでよく使われる。
可笑しい,おかしい,かわらしい,かおかしい,かしおかしい,滑稽で笑えること、または不思議でおかしいこと。
寡占,かせん,かしょう,かせい,かぜん,少数の企業が市場を支配すること。
寡聞,かぶん,かもん,かぶんん,かぷん,見聞が狭いことの謙遜表現。
寡黙,かもく,すくもく,ひくもく,かもくく,言葉数が少なく、静かなこと。
果物,くだもの,かぶつ,はてもの,かものの,食用の甘い実・フルーツ。「かぶつ」は誤読で「くだもの」が正しい。
河岸,かし,かわぎし,かがん,がし,川の岸辺、または魚市場のこと。「かわぎし」は別読みだが「かし」が慣用的。
河川敷,かせんしき,かせんじき,かわじき,かせんふ,常時水が流れている区域の外側にある、平らな土地や敷地。
河豚,ふぐ,かぶた,かわぶた,かわとん,毒を持つ海水魚の一種。「かわぶた」は誤読で「ふぐ」が正しい。
苛む,さいなむ,かさいむ,さなむ,いじむ,心や体を痛めつけ苦しめること。
苛酷,かこく,かごく,かこう,かくう,非常に厳しいこと。
苛烈,かれつ,かりょう,からつ,かりつ,程度が激しく厳しいこと。
過酷,かこく,かごく,かこう,かくう,非常に厳しいこと。
霞む,かすむ,えんむ,もやむ,うすむ,霞や靄のためにぼんやり見えること。目がかすむ・存在感が薄れるという意味にも使われる。
画一,かくいつ,がいち,かいち,がかつ,一様にそろえること。
画期的,かっきてき,がきてき,かくきてき,がっきてき,非常に新しいこと。
画策,かくさく,がさく,かくさつ,がさつ,ひそかに計画を立てること。
会釈,えしゃく,かいしゃく,あいしゃく,えしゃくく,軽く頭を下げて挨拶すること。
会得,えとく,かいとく,あいとく,えどく,物事を理解して自分のものにすること。
解任,かいにん,げにん,かいじん,かいねん,任務を解くこと。
回帰,かいき,えき,かいきき,えきき,ひとまわりして元の状態に戻ること。
回顧,かいこ,えこ,かいご,えご,過去を振り返ること。
回向,えこう,かいこう,えむけ,かいむけ,死者の成仏を願って仏事を行うこと。
回廊,かいろう,えろう,かいかく,まわりろう,建物の周りを取り囲む屋根付きの廊下。
壊滅,かいめつ,えめつ,こわれめつ,かいめつつ,組織や街などがすっかり破壊されてなくなること。
快諾,かいだく,かいらく,かいたく,けだく,気持ちよく承諾すること。
怪訝,けげん,かいが,かいげん,けがん,納得できず不思議に思う様子。
懐柔,かいじゅう,かいにゅう,かいじゅ,かいじょう,うまく取り込んで従わせること。
戒告,かいこく,けいこく,かいごく,がいこく,軽い懲戒処分。
改定,かいてい,かいじょう,かいてつ,かいてん,規則などを改めて定めること。
改訂,かいてい,かいじょう,かいてつ,かいてん,内容を改めること。
改竄,かいざん,かいさん,かいせん,かいたん,文章などを不正に書き換えること。
海豚,いるか,かいとん,うみぶた,かいぶた,水生哺乳類の一種。「かいとん」は誤読で「いるか」が正しい。
芥,あくた,かい,ごみ,くず,ごみ・くず・価値のないものの意。「かい」は音読みで「あくた」が正しい。
開陳,かいちん,かいじん,かいでん,かいしん,意見を述べること。
凱歌,がいか,かいか,かちうた,がいうた,勝利の喜びを表す歌。
凱旋,がいせん,かいせん,かいぜん,がいぜん,戦いに勝って帰ること。喜んで帰ること。
外套,がいとう,そとう,がいとうう,そとぎ,コート。
慨然,がいぜん,かいぜん,がいねん,かいねん,憤って嘆く様子。
慨嘆,がいたん,かいたん,がいだん,かいだん,憤りや嘆きをこめて深く嘆くこと。
概ね,おおむね,がいね,だいたい,かいね,だいたい・おおよそという意味。「概ね良好」「概ね予定通り」などの形で使われる。
概況,がいきょう,かいきょう,がいこう,がいじょう,全体の様子。
概算,がいさん,かいさん,がいざん,かいざん,おおよその計算。
概説,がいせつ,がいぜつ,かいせつ,がいしょう,大まかな説明。
概念,がいねん,かいねん,がいれん,かいれん,物事の基本的な考え。
概略,がいりゃく,かいりゃく,がいやく,かいやく,大まかな内容。
概論,がいろん,かいろん,がいりん,かいりん,総論。
蓋然,がいぜん,ふたぜん,かいぜん,がいねん,ある程度の確からしさ・起こりうる可能性のこと。「蓋然性が高い」の形でよく使われる。
垣根,かきね,えんこん,かきこん,がきね,敷地の境に作る囲い。
各々,おのおの,かくかく,おのずから,めいめい,それぞれ、各自。複数の人や物のひとつひとつを指す。
拡散,かくさん,がっさん,ひろさん,かくざん,広がり散らばること。
確執,かくしつ,かくしゅう,たしかつ,かくしつづ,互いに自分の意見を譲らないことから生じる不和。
角ばる,かどばる,かくばる,つのばる,かどばし,角があってとがっていること。性格が堅苦しいこと。
楽観,らっかん,がっかん,らくかん,らくがん,物事を良い方に考えること。
顎,あご,がく,かお,くび,口の下にある骨の部分。
樫,かし,しゅう,かたき,かしわき,硬い材木が取れる常緑広葉樹。「しゅう」は誤読で「かし」が正しい。
割愛,かつあい,わりあい,かつめい,わりあいす,惜しいと思いながらも省略すること。
喝采,かっさい,かっせい,かつさい,かっざい,盛んに褒めたたえること。
活魚,かつぎょ,いけうお,いきうお,いきぎょ,生きている魚。料理の直前まで生かしておく魚。
渇望,かつぼう,かっぼう,かちぼう,けつぼう,強く望むこと。
葛藤,かっとう,くずふじ,かつどう,かっとん,相反する欲求や感情が心の中でぶつかり合うこと。「内なる葛藤」などの形で使われる。
鴨,かも,おう,かわどり,みずどり,水鳥の一種、また人を欺いて利用する人の意味も。
寒気,さむけ,かんき,かんぎ,さびき,体が寒く感じる感覚・悪寒。「かんき」とも読むが「悪寒」の意味では「さむけ」。
勧奨,かんしょう,かんせい,けんしょう,かんぞう,勧め励ますこと。
喚起,かんき,かんぎ,けんき,かんこ,注意や関心を呼び起こすこと。
喚問,かんもん,けんもん,かんぶん,かんぼん,国会などに呼び出して尋ねること。
堪能,たんのう,かんのう,たえのう,たんなう,十分に満足すること、また技芸などに非常に優れていること。
完遂,かんすい,かんつい,まるつい,かんすい,物事を最後まで完全にやり遂げること。
完璧,かんぺき,かんぺき（璧の字間違い）,かんぴき,かんべき,欠点がなく完全なこと。
寛恕,かんじょ,かんじょう,ひろじょ,かんしょ,過ちなどを心が広く許すこと。
寛大,かんだい,ひろだい,かんたい,かんおお,心が広く、人を厳しく咎めない様子。
寛容,かんよう,かんようう,かんにょう,かんえい,広い心で受け入れること。
監査,かんさ,けんさ,かんしゃ,がんさ,会計などを検査すること。
看過,かんか,かんが,みすご,かんこ,見過ごしてしまうこと。
管轄,かんかつ,かんわつ,くだかつ,かんがつ,権限の及ぶ範囲。
緩衝,かんしょう,えんしょう,ゆるしょう,かんしゅう,衝突や対立を和らげること。
肝胆,かんたん,かんだん,きもたん,かんしん,心の奥底。「肝胆相照らす」の形で使われる。
肝要,かんよう,かんえい,きもよう,かんよ,非常に大切なこと。
還元,かんげん,げんかん,かんもと,かいげん,元に戻すこと。利益などを社会に戻すこと。
鑑査,かんさ,かんしゃ,けんさ,がんさ,詳しく調べ監督すること。
間隙,かんげき,まげき,かんげきき,まげきき,物と物とのすき間、または不和のきっかけ。
間髪,かんはつ,かんぱつ,まはつ,あいだはつ,わずかな時間。
間髪を入れず,かんはつをいれず,かんぱつをいれず,まかみをいれず,かんぱつをいれて,間に髪の毛1本も挟めないほど即座に。
含蓄,がんちく,ふくちく,がんちゅう,ふくちゅう,言葉などのなかに深い意味が込められていること。
巌,いわお,がん,おおいわ,けわしいいわ,大きく険しい岩のこと。「がん」は音読みで「いわお」が正しい。
頑迷,がんめい,がんくら,かためい,がんまい,頑固で道理がわからないこと。「頑迷固陋」という四字熟語でも使われる。
危急,ききゅう,あぶきゅう,ききゅうう,ききょ,危険が差し迫っていること。
危篤,きとく,きどく,あぶとく,きはく,病気が重く生命が危ない状態。
危惧,きぐ,あぶくれ,きお,きく,よくない結果になるのではと心配すること。「危惧する」「危惧の念を抱く」の形で使われる。
喜捨,きしゃ,きしゃつ,きしゃく,きしゃし,僧侶や貧者に物を恵むこと。
奇しくも,くしくも,きしくも,あやしくも,くしくも,不思議にも、偶然にも。奇妙なことに。
奇禍,きか,くか,きわざ,くわざ,思いがけない災難のこと。
奇才,きさい,くさい,きざい,きさつ,卓越した才能のこと。
奇特,きとく,きどく,きとっく,きどっく,感心なこと。
奇抜,きばつ,きぬき,きばち,きはつ,変わっていること。
寄贈,きぞう,きそう,よせぞう,きじょう,贈り与えること。
希求,ききゅう,まれきゅう,きく,けきゅう,強く願い求めること。
希有,けう,きゆう,けゆう,まれう,めったにないこと。珍しいこと。
忌み嫌う,いみきらう,きみきらう,いきらう,きらいきらう,ひどく嫌って避けること。
忌引き,きびき,いびき,きひき,いみびき,近親者の死去により、学校や仕事を休むこと。
忌避,きひ,いひ,きび,きへい,嫌って避けること。
忌憚,きたん,いみたん,きいじ,きだん,遠慮すること。「忌憚のない意見」は「遠慮のない率直な意見」という意味。
既婚,きこん,がいこん,きごん,きけん,結婚していること。
既出,きしゅつ,がいしゅつ,きで,きだし,すでに出たもの。
既遂,きすい,きつい,がいすい,きしゅう,犯罪行為をやり終えること。
既成事実,きせいじじつ,がいせいじじつ,きじょうじじつ,きせじじつ,既に成立した事実。
既存,きそん,がいそん,きぞん,きしょう,以前から存在すること。
既知,きち,がいち,きじ,きし,知っていること。
既得権,きとくけん,きどくけん,がいとくけん,きとっけん,既に得た権利。
棄却,ききゃく,きけつ,きかく,ききょく,申し立てを退けること。
棄損,きそん,きしん,きぞん,きしょう,財産価値を失わせること。
帰趨,きすう,きしゅう,きそう,きずう,最終的に行き着くところ。
気っ風,きっぷ,きっぷう,きのかぜ,きっぷ,気性、気立て。特に、さっぱりとして思い切りのよい江戸っ子的な気質。
気骨,きこつ,きほね,けいこつ,きぼね,自分の信念を貫く強い精神力・意気地。「きほね」は誤読で「きこつ」が正しい。
稀有,けう,まれゆう,きゆう,まれう,非常に珍しいこと・めったにないほど優れていること。「稀有な才能」などの形で使われる。
吃驚,びっくり,きっきょう,きつぎょう,きちぎょう,突然のことに驚くこと。
詰問,きつもん,つめもん,けつもん,きつもんん,厳しく問い詰めること。
却下,きゃっか,きゃくか,きゃつか,きゃくが,申し出を認めないこと。
客体,きゃくたい,かくたい,きゃくたいあい,かくたいあい,主観の認識の対象となるもの。
客分,かくぶん,きゃくぶん,きゃくわけ,かくわけ,組織の外から客として迎える立場。
逆転,ぎゃくてん,さかてん,ぎゃくでん,さかてんん,事の形勢が反対になること。
逆鱗,げきりん,さかりん,げきうろこ,さかうろこ,目上の人を激しく怒らせること。「逆鱗に触れる」の形で使われる。
久遠,くおん,きゅうえん,ひさとお,くえん,永遠のこと。
急峻,きゅうしゅん,きゅうけん,きゅうじゅん,きゅうせん,傾斜が非常に急なこと。
窮屈,きゅうくつ,きゅうきつ,くるしくつ,きゅうつ,余裕がなく苦しい様子。
窮地,きゅうち,くつち,きゅうじ,くじ,逃げ場のない苦しい立場。
窮乏,きゅうぼう,くつぼう,きゅうぼ,くぼう,お金や物がなく生活が苦しいこと。
旧態依然,きゅうたいいぜん,きゅうたいいせん,くたいいぜん,きゅうだいいぜん,昔のままで進歩がない様子。
居士,こじ,いし,きょし,いじ,在家のまま仏道に帰依した男性の称。また男性の戒名の下に付ける語。
享楽,きょうらく,こうらく,きょうがく,こうがく,快楽にひたって楽しむこと。
享受,きょうじゅ,きょうず,きょうじゅう,こうじゅ,利益や恩恵を受けること。
供奉,ぐぶ,きょうほう,ともほう,くほう,行幸などに供として付き従うこと。
侠客,きょうかく,きょうきゃく,おとこだて,きょうかく,強きを挫き、弱きを助けることを旨とした、昔の無法者・おとこだて。
競売,けいばい,きょうばい,きょううり,けいうり,せり売り。
凶兆,きょうちょう,きょうしるし,きょうきざし,くちょう,悪い出来事が起こる前触れ。
境遇,きょうぐう,さかいあい,けいぐう,きょうあい,その人が置かれている生活上の状況・環境のこと。
境内,けいだい,さかいうち,きょうない,けいうち,神社・寺院の敷地内のこと。「きょうない」は誤読で「けいだい」が正しい。
強硬,きょうこう,ごうこう,きょうごう,つよこう,態度が厳しいこと。
強靭,きょうじん,きょうせい,ごうじん,きょうにん,強くしなやかなこと。
強請る,ねだる,きょうせいする,ごうせいする,つよしる,せがむこと。
強弁,きょうべん,ごうべん,つよべん,きょうへん,無理に言い張ること。
強要,きょうよう,ごうよう,つよよう,きょうようう,無理に求めること。
教唆,きょうさ,きょうし,きょうしゃ,きょうざ,犯罪をそそのかすこと。
狭隘,きょうあい,きょうわい,せまあい,こうあい,狭くてゆとりがないこと。
矯める,ためる,きょうめる,たわめる,ぎょうめる,曲がったものを直すこと、欠点を改めること。
矯正,きょうせい,ぎょうせい,きょうしょう,ぎょうしょう,欠点や悪い習慣を直すこと。
脅える,おびえる,きょうえる,おどえる,おびる,恐れること。
脅かす,おびやかす,きょうかす,おどろかす,おびかす,危険を与えること。
脅威,きょうい,きょううい,おどしい,きょうえ,おびやかす力。
脅迫,きょうはく,きょうばく,おどしはく,きょうぱく,脅して迫ること。
驚愕,きょうがく,きょうかく,おどろきがく,きょうかい,非常に驚くこと。
業を煮やす,ごうをにやす,わざをにやす,ぎょうをにやす,ごうをにあやす,物事が思うように進まず腹を立てること。
業腹,ごうはら,ぎょうはら,わざはら,ごうぶく,非常に腹が立つこと。
極寒,ごっかん,きょっかん,ごくさむ,きょくかん,この上なく寒いこと。非常に厳しい寒さ。
玉石混交,ぎょくせきこんこう,たまいしこんこう,ぎょくせきこんごう,たまいしこんごう,優れたものと劣ったものが混ざっていること。
琴線,きんせん,ことせん,きんぜん,ことぜん,感動を呼ぶ心の部分。
緊縛,きんばく,きんふく,きんそく,きんぱく,ひもなどで厳しく縛ること。
金字塔,きんじとう,かねじとう,きんじどう,かねじどう,後世に永く残るような偉大な業績。
吟味,ぎんみ,きんみ,ぎんあじ,ぎんよう,念入りに調べて選ぶこと。
苦言,くげん,にがこと,くごん,にがげん,相手のためを思っていさめる言葉。
苦衷,くちゅう,くちゅん,にがちゅう,くじゅう,苦しい心の内、つらい事情。
具眼,ぐがん,つぶがん,ぐげん,ともがん,物事の真価を見抜く確かな眼力があること。
具現,ぐげん,くげん,ぐけん,ぐげい,抽象的なものを具体的な形にすること。
具象,ぐしょう,ぐそう,ぐじょう,ぐぞう,具体的な形や姿を持つこと。
具申,ぐしん,ぐもうし,ぐじん,ぐしょう,意見を申し出ること。
具陳,ぐちん,ぐじん,ぐせん,ぐてん,詳しく述べること。
薫陶,くんとう,かおりとう,くんどう,かおりどう,優れた人格で人を教育し育てること。
傾向,けいこう,かたこう,けいきょう,かたきょう,物事がある方向に向かう性質。
傾注,けいちゅう,けいしゅう,けいじゅう,けいちゅ,力や注意を注ぎ込むこと。
傾倒,けいとう,けいどう,けいとうう,けいどうう,深く心酔すること。
啓発,けいはつ,けいほつ,けいぱつ,けいばつ,知識を与え理解を深めること。
啓蒙,けいもう,けいぼう,けいまう,けいめい,無知を開き教えること。
形骸化,けいがいか,かたちがいか,けいからだか,けいけいか,形だけで中身や意味がなくなってしまうこと。
形相,けいそう,かたちあい,けいしょう,かたあい,顔つき、表情。特に激しい感情の表れた顔。
慧眼,けいがん,えがん,かしこがん,さといがん,物事の本質を見抜く優れた眼識。
敬具,けいぐ,けいく,うやまいぐ,きょうぐ,手紙の末尾に書く結びの言葉。
景気,けいき,かげき,けいきき,けいきぎ,経済活動の活気の連動、または様子。
詣でる,もうでる,けいでる,いたでる,いたる,神社や寺に参拝すること。
軽佻,けいちょう,けいよう,けいとう,けいじょう,軽はずみなこと。
劇薬,げきやく,げきぐすり,げきらくだ,げきやくく,作用が激しく、使い方を誤ると危険な医薬品。
桁,けた,こう,くい,はり,数の位、または建物を支える横木。
欠伸,あくび,けっしん,かけのび,かけのばし,眠いときや退屈なときに口を大きく開けて息を吐く動作。「けっしん」は誤読で「あくび」が正しい。
潔い,いさぎよい,けっよい,きよよい,いさよい,卑怯な点がなくきっぱりしている様子。
月極,つきぎめ,げっきょく,つききわめ,げつぎめ,月単位の契約。
月並み,つきなみ,げつなみ,つきならび,げつならみ,平凡なこと。
倹約,けんやく,けんよう,つましやく,かんやく,無駄を省いてお金を節約すること。
倦怠,けんたい,けんてい,かんたい,かんてい,疲れて飽きること、だるさ。
兼任,けんにん,かねにん,けんじん,けんねん,複数の職務を兼ねること。
喧噪,けんそう,かまびすそう,かんそう,けんざつ,騒がしくやかましいこと、またその騒音。「都会の喧噪」の形でよく使われる。
嫌悪,けんお,けんあく,いやお,けんお,不快に感じて強く嫌うこと。憎み嫌う気持ち。
建立,こんりゅう,けんりつ,こんりつ,けんりゅう,寺院や堂塔を建てること。
懸案,けんあん,かかりあん,けいあん,けんおん,以前から解決されずに残っている問題・課題。「懸案事項」「長年の懸案」の形で使われる。
懸念,けねん,けんねん,かけねん,けんれん,心配すること。
権謀術数,けんぼうじゅっすう,けんぼうじゅつすう,げんぼうじゅっすう,けんもうじゅっすう,他人を巧みにだまして自分の目的を遂げる策略。
牽引,けんいん,けいいん,ひきいん,けんびき,引っ張ること。また、物事を主導・先導すること。「経済を牽引する」などの形で使われる。
牽強付会,けんきょうふかい,けんごうふかい,けんきょうふごう,ひっきょうふかい,自分に都合のいいように無理にこじつけること。
牽制,けんせい,けいせい,ひきせい,けんしん,相手の自由な行動を抑えること。
牽連,けんれん,けいれん,ひきれん,かんれん,互いに関わり合うこと。
研磨,けんま,けんも,とぎま,とぎも,削って磨くこと、技術や能力を磨くこと。
研鑽,けんさん,けんざん,けんせん,けんざい,学問や技術を磨くこと。
顕著,けんちょ,げんちょ,あらちょ,けんしょ,はっきりと目立つこと。
原因,げんいん,げいいん,もといん,げんよる,ある結果を引き起こすもととなった事柄や理由。
減殺,げんさい,げんさつ,げんせつ,げんしょう,程度や勢いを減らすこと。
玄人,くろうと,げんじん,くろひと,もとじん,その道のプロ・専門家のこと。「げんじん」は誤読で「くろうと」が正しい。
玄妙,げんみょう,くろみょう,げんびょう,くろびょう,奥深く優れていて言葉で言い尽くせない様子。
言わずもがな,いわずもがな,げんずもがな,いわずがな,いわぬもがな,言うまでもないこと。
言質,げんち,ことしつ,げんしつ,ことち,証拠になる言葉。
古今東西,ここんとうざい,ふるいまことうざい,ここんひがしにし,ふるいまこひがしにし,昔から今まで、そしてあらゆる場所で。
古文書,こもんじょ,こぶんしょ,ふるもんじょ,こもんしょ,古い時代の公文書や記録。
固執,こしつ,こしゅう,こじつ,かたじつ,自分の意見や考えを頑固に守り変えないこと。「こしゅう」は誤読。
姑息,こそく,まごそく,こそくく,古い息,根本的な解決をせず、その場しのぎをすること。
菰,こも,か,かやむしろ,すのこ,マコモや藁で編んだむしろ・茣蓙のこと。「か」は誤読で「こも」が正しい。
誇張,こちょう,ほちょう,こちょうう,ほちょうう,大げさに表現すること。
五月雨,さみだれ,ごがつあめ,さつきあめ,ごつきあめ,梅雨の時期に降り続く長雨のこと。「ごがつあめ」は誤読で「さみだれ」が正しい。
五月晴れ,さつきばれ,ごがつばれ,ごつきばれ,さつきせい,五月頃の晴れた天気。本来は梅雨の合間の晴れ間を指す。
五月蝿い,うるさい,さつきはえい,ごがつばえい,ごばえしい,騒がしい・やかましいこと。当て字で「うるさい」と読む難読語。
互選,ごせん,たがいせん,ごえらび,たがいえらび,特定のメンバーの中でお互いに投票して選ぶこと。
御中,おんちゅう,おなか,おちゅう,ごちゅう,会社や団体宛の郵便に使う敬称。
御用達,ごようたし,おようたつ,ごようつ,おようだつ,特定の人や機関に品物を納めること。「ごようたし」が正しく、「ごようたつ」は誤読として広まっている。
御利益,ごりやく,ごりえき,おんりえき,おりえき,神仏から授かる恵みのこと。
語気,ごき,ごけ,げんき,ごこ,話すときの言葉の調子・勢い。
語彙,ごい,ごほう,げんい,ごい,ある言語や人が使う言葉の総体。
誤謬,ごびゅう,ごちゅう,ごりゅう,ごけん,間違い、誤り。
公認,こうにん,こうじん,こうりん,こうねん,公式に認めること。
功罪,こうざい,こうつみ,くざい,くつみ,功績と罪過、良い面と悪い面。
勾留,こうりゅう,こうる,こうりょう,こうゆう,身柄を留め置くこと。
口惜しい,くちおしい,こうせきしい,くおしい,こうしい,残念で悔しいこと。
垢,あか,こう,よごれ,ちり,皮膚の表面に付いた汚れ。
好事家,こうずか,こうじか,よきことか,こうずや,風流な事柄を好む人。物好きな人。
工面,くめん,こうめん,くおもて,こうおもて,お金や物を何とかやりくりして用意すること。
拘禁,こうきん,こうこん,こうけん,こうぎん,身柄を閉じ込めること。
拘束,こうそく,こうぞく,こうしょく,こうぞう,行動を制限すること。
拘泥,こうでい,こうにご,かかわりでい,くでい,些細なことに必要以上にこだわること。
更迭,こうてつ,こうそう,こうえつ,こうてつう,ある役職の人間を替えること。
校閲,こうえつ,こうらん,こうかつ,こうせつ,文章の誤りを点検すること。
甲乙,こうおつ,かんおつ,かぼつ,きのつ,優劣、優れているか劣っているかの区別。
紅葉,もみじ,こうよう,べにば,くれないは,秋に木の葉が赤や黄色に変わること。「こうよう」も正しいが木の種類としては「もみじ」。
肯定,こうてい,きてい,こうじょう,こんてい,そうであると認めること。
膏着,こうちゃく,あぶらちゃく,ごうちゃく,こうじゃく,動きが取れず固定された状態。「膠着」とも表記。
膏薬,こうやく,あぶらやく,かやく,こうぐすり,皮膚に貼って治療する薄い練り薬。
膏肓,こうこう,あぶらこう,こうもう,かんこう,病が重くもはや治療できない部分。「病膏肓に入る」の形で使われる。
行脚,あんぎゃ,いきあし,こうきゃく,こうあし,各地を歩き回ること。もとは修行僧が諸国を巡ること。「いきあし」は誤読。
行住坐臥,ぎょうじゅうざが,こうじゅうざが,ぎょうじゅうすわるふす,あんじゅうざが,歩く、とどまる、座る、寝るという日常の振る舞い。
行年,ぎょうねん,こうねん,ゆきとし,あんねん,この世に生きていた年数。享年。亡くなったときの年齢。
行方,ゆくえ,いきかた,こうほう,ゆきがた,向かう先・所在・消息のこと。「こうほう」は誤読で「ゆくえ」が正しい。
高慢,こうまん,たかまん,こうばん,たかばん,自分を偉いと思い人を見下す様子。
剛毅,ごうき,こうき,ごうぎ,ごうけ,意志が強く屈しないこと。
剛健,ごうけん,こうけん,ごうこん,ごうげん,心身ともに強く健康なこと。
忽然,こつぜん,こつねん,そつぜん,こうぜん,突然、急に。
今際の際,いまわのきわ,いまわのさい,いまぎわのさい,いまわのとき,臨終のとき、死に際、息を引き取る直前。
恨み骨髄,うらみこつずい,こんこつずい,うらみこっすい,うらみこずい,深く激しい恨みのこと。
懇請,こんせい,こんしょう,けんせい,こんじょう,心を込めて頼むこと。
昏倒,こんとう,くんとう,こんどう,くんどう,意識を失って倒れること。
些細,ささい,さいさい,さしょう,さこ,ごくわずか、つまらないこと。
些事,さじ,ささじ,さこと,さしじ,つまらない事柄。
些少,さしょう,さしょ,ささしょう,さしゅう,わずかであること。
些末,さまつ,ささつ,さばつ,さみまつ,重要でない取るに足らないこと。
唆す,そそのかす,さす,しさす,そそかす,人をけしかけて悪事などをさせること。
査閲,さえつ,さいえつ,さかつ,さえち,書類などを調べて確認すること。
査定,さてい,さじょう,さいてい,さてん,価値や評価を決めること。
催促,さいそく,さいしょく,さいぞく,さいろく,早くするよう求めること。
再任,さいにん,ざいにん,さいじん,さいねん,再び任命すること。
彩る,いろどる,さいる,いろどるす,さいるす,美しく飾ったり、色をつけたりすること。
咲き誇る,さきほこる,しょうほこる,さきこる,しょうこる,花が満開で美しく咲くこと。
昨今,さっこん,きのうこん,さくこん,さきこん,近ごろ・最近のこと。「きのうこん」は誤読で「さっこん」が正しい。
策謀,さくぼう,さくもう,せくぼう,さっぽう,策略を巡らせること。
錯綜,さくそう,まじれそう,さくしょう,さっそう,複数の物事が入り組んで混乱すること。「情報が錯綜する」などの形で使われる。
匙,さじ,し,スプーン,ひとさじ,液体や粉末をすくう道具。「じ」は音読みで「さじ」が正しい。
冊子,さっし,さくし,そうし,さつし,本や雑誌のとじた小さな印刷物。
刷新,さっしん,あらっしん,さつしん,あたらしん,悪い状態を改めて、まったく新しくすること。
殺生,せっしょう,せっせい,ころし,さつしょう,生き物を殺すこと。または、むごいこと、気の毒なこと。
雑魚,ざこ,ざつぎょ,ざっさかな,ざこさかな,小さな魚・価値の低い小物のこと。「ざつぎょ」は誤読で「ざこ」が正しい。
雑魚寝,ざこね,ざっぎょね,ざこね,じゃこね,狭い場所に多くの人が入り混じって、一つの布団などで一緒に寝ること。
雑駁,ざっぱく,ざつばく,ぞうはく,ぞうばく,雑然としてまとまりがないこと。
参内,さんだい,さんない,まいるうち,さんだい,宮中に参上すること。天皇に拝謁するために参内すること。
山車,だし,やまくるま,さんしゃ,やまぐるま,祭りで引き回す飾り車のこと。「やまくるま」「さんしゃ」は誤読で「だし」が正しい。
山積,さんせき,やまづみ,さんじゃく,やまづみみ,問題や仕事が山のようにたまっていること。
山麓,さんろく,やまふもと,さんりょく,ざんろく,山のふもと一帯。
散逸,さんいつ,さんしつ,さんえつ,さんいち,散らばって失われること。
散見,さんけん,さんげん,さんみ,さんかん,あちこちに見られること。
産声,うぶごえ,さんごえ,うまれごえ,うぶこえ,赤ちゃんが生まれた直後に発する最初の泣き声。「さんごえ」は誤読。
斬新,ざんしん,きりしん,さんしん,ざんきん,発想や方法が非常に新鮮で独創的なこと。「斬新なアイデア」の形でよく使われる。
暫時,ざんじ,ぜんじ,しばらく,ざんし,しばらくの間、少しの間。わずかな時間を表す語。
暫定,ざんてい,しばらくてい,ざんじょう,しばらくじょう,正式に決まるまで、一時的に取り決めること。
市井,しせい,しい,いちい,しせい,人が多く集まり住む所、街、世間。
師走,しわす,しそう,しばしり,しうす,旧暦12月・現代では12月の別名。僧侶が東西に走り回るほど忙しい月という説がある。
施行,しこう,せこう,しぎょう,せぎょう,実施すること。
施策,しさく,せさく,とりさく,せいさく,施す政策・手立て・対策のこと。「少子化対策の施策」などの形で使われる。
私利私欲,しりしよく,わたくしりわたくしよう,しりしよくく,わたくしりわたくしよく,自分の利益や欲望だけを追求すること。
諮問,しもん,はかりもん,じもん,しかもん,専門家や機関に意見・答申を求めること。「審議会に諮問する」などの形で使われる。
賜杯,しはい,ちょうはい,ためしはい,しはい,天皇や皇族などから褒美として授けられる杯。
雌雄,しゆう,めすおす,しおす,めゆう,生物のメスとオス、また優劣・勝敗。
慈しむ,いつくしむ,じしむ,なさけしむ,あいしむ,大切にして可愛がること。
慈悲,じひ,いつくしみ,なさけひ,じび,いつくしんで哀れみをかけること。仏教用語で、衆生を救う心を指す。
時雨,しぐれ,じう,ときあめ,じさめ,晩秋から初冬にかけて降ったりやんだりする雨。「じう」は誤読で「しぐれ」が正しい。
示威,じい,しい,じえい,しい,力を誇示すること。
示唆,しさ,じさ,しだ,じしゃ,それとなく示すこと。
示談,じだん,しだん,じたん,していだん,話し合いによる解決。
自嘲,じちょう,じしょう,じそう,じちょう,自分をあざけること。
辞任,じにん,しにん,じじん,じねん,自ら職を辞めること。
執行,しっこう,しゅうこう,しつこう,せっこう,実施すること。
執刀,しっとう,しゅっとう,しつとう,しっとうう,手術すること。
執拗,しつよう,ねばりよう,じゅうよう,しつしつ,しつこく粘り強いこと。「執拗に迫る」「執拗な追及」などの形で使われる。
失墜,しっつい,しつい,しっづい,しつおち,信用や地位を失うこと。
疾病,しっぺい,しつびょう,しっびょう,しツやまい,病気のこと。疾患や患い。
質実剛健,しつじつごうけん,しちじつごうけん,ただじつごうけん,しつじつつよたけ,飾り気がなく真面目で、心身ともにたくましいこと。
質朴,しつぼく,しちぼく,たちぼく,しつぼう,飾り気がなく素朴な様子。
赦す,ゆるす,しゃす,しゃくす,せきす,過ちなどを罰せず許すこと。
赦免,しゃめん,しゃべん,せきめん,せきべん,罪や責任を免除して許すこと。
遮る,さえぎる,しゃる,さえぎるす,しゃるす,進行や視界を途中で邪魔して止めること。
邪悪,じゃあく,やあく,よこしまあく,じゃくあく,心がねじけて悪いこと。
邪険,じゃけん,やけん,よこしまけん,じゃくけん,人に対してそっけなく無慈悲な態度。
邪推,じゃすい,じゃそく,よこすい,じゃおもい,人の言動を悪く推測すること。
借用,しゃくよう,かりよう,しゃくもち,かりもち,物を借りること。
杓子定規,しゃくしじょうぎ,ひしゃくしじょうぎ,しゃくしていき,ひしゃくしていき,決まりきった基準にこだわり、融通がきかないこと。
酌量,しゃくりょう,しゃくよう,くみりょう,しんりょう,事情を考慮して判断すること。「情状酌量」の形で使われる。
若しくは,もしくは,わかしくは,じゃくしくは,にゃくしくは,または・あるいはという意味の接続詞。法律文書などで「または」と使い分ける。
若干,じゃっかん,わかかん,にゃっかん,しょうかん,いくらか、多少。
若人,わこうど,わかびと,じゃくじん,わかひと,若者・青年のこと。「わかびと」「じゃくじん」は誤読で「わこうど」が正しい。
惹起,じゃっき,いんき,じゃくき,やくき,事件や問題などを引き起こすこと。
主客,しゅかく,しゅきゃく,おもきゃく,しゅかくう,主人と客、または主なものと従属するもの。
取りも直さず,とりもなおさず,しゅもちょくさず,とりもただし,とるもなおさず,つまり、すなわち。
手水,ちょうず,てみず,てすい,しゅすい,神仏にお参りする前に、手や口を洗い清める水。またはその行為。
手練,てだれ,てれん,しゅれん,てのれん,技術や経験が非常に優れていること・その人物。「てれん」は別の意味もある。
殊に,ことに,しゅに,とくに,べつに,特に・とりわけという意味の副詞。「殊に優れた作品」などの形で使われる。
殊更,ことさら,しゅこう,しゅさら,べつさら,特に。わざわざ。
趣意書,しゅいしょ,しゅみしょ,しゅういしょ,しゅじしょ,目的説明文。
趣向,しゅこう,しこう,しゅごう,しゅきょう,工夫や趣味。
趣旨,しゅし,しゅうし,しゅじ,しゅいし,主な内容。
首尾,しゅび,くびお,しゅお,くびび,始めから終わりまで、また物事の成り行き。
受諾,じゅだく,じゅたく,うけだく,じゅらく,受け入れること。
受理,じゅり,じゅうり,うけり,じゅれい,受け付けること。
受領,じゅりょう,じゅうりょう,うけりょう,じゅれい,受け取ること。
呪縛,じゅばく,しゅばく,のろいばく,じゅしばく,まじないで束縛すること、心を強く縛りつけること。
収穫,しゅうかく,しゅうがく,しゅかく,しゅうこく,取り入れ。
収監,しゅうかん,しゅうけん,しゅうがん,しゅかん,刑務所に入れること。
収拾,しゅうしゅう,しゅうじゅう,しゅうひろい,しゅしゅう,まとめること。
収奪,しゅうだつ,しゅうだち,しゅうとつ,しゅうだっ,奪い取ること。
収賄,しゅうわい,しゅうかい,しゅわい,しゅうない,賄賂を受け取ること。
収斂,しゅうれん,しゅうせん,しゅうかん,しゅうりん,集まること。
就任,しゅうにん,じゅうにん,しゅにん,しゅうじん,役職に就くこと。
修正,しゅうせい,しゅせい,しゅうしょう,しゅうぜい,正しく直すこと。
修練,しゅうれん,しゅれん,しゅうらん,しゅうせん,訓練して身につけること。
酬いる,むくいる,しゅういる,ほうじいる,ちょういる,恩や行為に対して報いること。
十八番,おはこ,じゅうはちばん,じゅうはっぽん,じゅうやつ,最も得意とする芸や技のこと。歌舞伎の「十八番」に由来し、読みは「おはこ」。
従兄弟,いとこ,じゅうけいてい,じゅうひんてい,したきょうだい,親のきょうだいの子。
従容,しょうよう,じゅうよう,したがいよう,じゅうようう,ゆったりと落ち着いていて慌てない様子。
柔和,にゅうわ,じゅうわ,やわわ,にゅうか,物腰がやさしく穏やかなこと。
重複,ちょうふく,じゅうふく,かさふく,ちょうぼく,同じものが重なること。「じゅうふく」は慣用読みとして広まっているが、本来は「ちょうふく」。
重宝,ちょうほう,じゅうほう,しげたから,じゅほう,便利で役立つこと。
宿痾,しゅくあ,やどあ,しゅくお,やどお,長年治らないでいる重い病気。
祝詞,のりと,しゅくし,いわいことば,しゅくことば,神道で神に捧げる言葉。
熟慮,じゅくりょ,じゅくろ,しゅくりょ,じゅくよ,十分に考えること。
出獄,しゅつごく,でごく,しゅつこく,しゅっごく,刑務所を出ること。
出生,しゅっしょう,でうまれ,しゅっせい,でしょう,生まれること・生まれ。戸籍用語としては「しゅっしょう」が正式。
出生率,しゅっしょうりつ,しゅっせいりつ,しゅつしょうりつ,しゅっしょうそつ,生まれる割合。
出納,すいとう,でのう,しゅつのう,でいれ,金銭や物品の出し入れ・収支の管理のこと。会計用語として使われる。
俊才,しゅんさい,とししゅん,とししゅんざい,しゅんざい,優れた才能を持つ人。
俊敏,しゅんびん,としびん,しゅんめい,しゃくびん,反応が速く頭の回転がよいこと。
峻険,しゅんけん,しゅんげん,しゅうけん,しゅんこん,険しく切り立っていること。
峻別,しゅんべつ,しゅべつ,しゅんべっ,しゅんぺつ,厳格に区別すること。
峻烈,しゅんれつ,しゅんせつ,しゅうれつ,しゅんりつ,態度などが厳しいこと。
殉教,じゅんきょう,しゅんきょう,したがいきょう,つきしきょう,信仰のために命を捧げること。
殉職,じゅんしょく,しゅんしょく,じゅんちょく,しゅんちょく,職務遂行中に命を落とすこと。
準拠,じゅんきょ,じゅんこ,じゅんこう,しゅんきょ,基準に従うこと。
準用,じゅんよう,じゅんゆう,しゅんよう,じゅんおう,類似の場合に適用すること。
潤む,うるむ,じゅんむ,しめる,うろむ,涙などで濡れたようになること。
遵守,じゅんしゅ,そんしゅ,じゅんまもる,ずんしゅ,法律・規則・命令などをよく守ること。「法令遵守」の形で使われる。
醇風美俗,じゅんぷうびぞく,しゅんぷうびぞく,じゅんふうびぞく,じゅんぷうみぞく,人情が厚く美しい風習・道徳。
処遇,しょぐう,しょごう,しょぐ,しょうぐう,待遇や取り扱い。
処罰,しょばつ,しょはつ,しょびゃつ,しょぱつ,罰を与えること。
所以,ゆえん,しょい,しょい,ゆえ,理由、わけ、根拠。～となる理由。
所謂,いわゆる,しょきん,しょい,ところがい,世間一般で言われる・いわゆる、という意味。「所謂エリートというやつだ」などの形で使われる。
諸刃の剣,もろはのつるぎ,しょはのつるぎ,もろはのけん,しょはのけん,一方では役に立つが、他方では大損害を被る危険があるもの。
召集,しょうしゅう,しょうじゅう,しょうそう,しょうじ,命令して集めること。
商い,あきない,しょうい,あきあい,しょうない,商売、売買。
奨励,しょうれい,そうれい,しょうらい,しょうり,励まして促すこと。
小暗い,おぐらい,こぐらい,ちいさくらい,しょうくらい,何となく薄暗い、少し暗い様子。
小豆,あずき,しょうず,こまめ,おまめ,赤い小粒の豆。和菓子の餡に使われる。「しょうず」「こまめ」は誤読。
承諾,しょうだく,しょうらく,じょうだく,しょうとく,同意すること。
招集,しょうしゅう,しょうじゅう,しょうそう,しょうじ,人を集めること。
招致,しょうち,しょうじ,しょうし,しょうてい,招き寄せること。
招来,しょうらい,しょうない,しょうれい,しょうたい,招いて来させること。
招聘,しょうへい,しょうせい,まねい,しょうへき,礼を尽くして人を招くこと。専門家や著名人を正式に招待する際に使う。
消却,しょうきゃく,しょうしゃく,しょうけつ,けしょう,帳簿から除くこと。
消耗,しょうもう,しょうこう,しょうひ,けしもう,使って減らすこと、また体力や気力が尽きること。「しょうこう」は誤読。
渉外,しょうがい,しょうない,しょうげ,しょうえい,対外的な交渉や連絡。
焦る,あせる,しょうる,こげる,やける,早くしようとして落ち着かなくなること。
焦燥,しょうそう,しょうぞう,しょうしょう,やきそう,いらだち落ち着かない気持ち。
焦慮,しょうりょ,しょうろ,やきりょ,しょうりょう,いらだちと心配が混じった気持ち。
証,あかし,しょう,あきらか,しるし,間違いないことの証拠・印。
詳らか,つまびらか,しょうらか,しょうか,つばさらか,細かくはっきりしている様子。
詳悉,しょうしつ,しょうさい,しょうじつ,しょうしち,細かい点まで詳しく知ること。
上意下達,じょういかたつ,げだつ,じょういげたつ,じょういかだつ,上の者の意思や命令を、下の者へ確実に伝えること。
上手,じょうず,かみて,うえて,うわて,技術がすぐれていること。舞台用語では「かみて」と読む場合もある多読み語。
上申,じょうしん,うえもうし,じょうじん,しょうしん,上級者へ申し述べること。
情緒,じょうちょ,じょうしょ,じょうちょく,じぐち,ある感情を起こさせる雰囲気。
嘱望,しょくぼう,ぞくぼう,しょくもう,しょくほう,将来を期待されること。
職人気質,しょくにんかたぎ,しょくにんきしつ,しょくにんきぶつ,しょくにんかたき,職人特有の気質やこだわり。
心酔,しんすい,しんせい,しんずい,しんさい,深く感動して夢中になること。
心地,ここち,しんじ,こころじ,こころち,気持ち・気分・感じのこと。「しんじ」は誤読で「ここち」が正しい。
心恋しい,うらがなしい,こころかなしい,しんこいしい,うらこいしい,何となく心が寂しく、慕わしく思われる。※画像「心恋しい」正解「うらがなしい」は古語的な表現。
新進気鋭,しんしんきえい,しんしんきぜつ,あたらしんきえい,しんしんけいえい,ある分野に新しく登場し、勢いが盛んなこと。
深謝,しんしゃ,ふかしゃ,しんしゃしゃ,ふかしゃしゃ,深く感謝すること、または深く謝罪すること。
深慮,しんりょ,しんろ,じんりょ,しんよ,深く考えること。
真面目,まじめ,しんめんぼく,しんめんじつ,まめんぼく,真剣な態度、誠実な様子。
真摯,しんし,しんじ,まし,しんせい,真面目でひたむきなこと。
神無月,かんなづき,しんなしつき,かみなしつき,かんなつき,旧暦10月の別名。出雲大社に全国の神が集まるため各地に神がいなくなる月。
親見,しんけん,おやみ,しんみ,おやけん,自分の目で実際に確かめること。
身重,みおも,しんじゅう,みのしげ,みじゅう,女性が妊娠していること。お腹に子どもがいて体が重い状態。
身代金,みのしろきん,しんだいきん,みしろきん,しんたいきん,人質と引き換えに要求する金銭。
辛酸,しんさん,からさん,しんさく,からさく,つらく苦しい経験。「辛酸をなめる」の形で使われる。
進言,しんげん,すすみげん,しんごん,しんけん,意見を述べること。
進退維谷まる,しんたいいきわまる,しんたいいこくまる,しんたいいやまる,しんたいいたにまる,どうにも動きが取れなくなること。
進捗,しんちょく,しんぽ,しんはか,しんちょ,物事が進みはかどること。仕事の「進捗状況」などの形で使われる。
進呈,しんてい,しんてつ,すすみてい,しんじょう,贈ること。
塵,ちり,じん,ほこり,こなごみ,非常に細かいほこり・ごみ。「じん」は音読み。
吹雪,ふぶき,ふうゆき,すいせつ,すいゆき,激しい風に雪が吹き飛ばされる現象。「すいせつ」は誤読で「ふぶき」が正しい。
吹聴,ふいちょう,すいちょう,ふききく,すいきく,言いふらすこと。
垂涎,すいぜん,たれよだれ,すいたん,たれぜん,ひどく欲しがること、欲しくてたまらないこと。
推敲,すいこう,おしこう,すいこうう,おしたたき,文章を何度も練り直すこと。
水母,くらげ,すいぼ,みずはは,みなははは,海中に漂う傘状の生き物。「すいぼ」は誤読で「くらげ」が正しい。
錐,きり,すい,とがりどうぐ,あなあけ,穴をあける先のとがった工具。「すい」は音読みで「きり」が正しい。
数奇,すうき,すうきき,かずき,かずきき,運命のめぐり合わせが波乱万丈であること。
数寄屋,すきや,すうきや,かずきや,すきや,茶室風に造った建物、風流な意匠の家。
数珠,じゅず,すうじゅ,かずたま,すうしゅ,仏具の一種で、小さな玉を糸で繋いだもの。「すうじゅ」は誤読で「じゅず」が正しい。
趨向,すうこう,しゅこう,そうこう,すいこう,ある方向へ向かう傾向。
趨勢,すうせい,しゅせい,そうせい,すいせい,物事の成り行きや勢い。
頗る,すこぶる,はなはだ,たいへん,さかんに,非常に・とても・極めてという意味の副詞。「頗る優秀な人材」などの形で使われる。
裾野,すその,きょや,きょの,すそや,山の麓に広がる傾斜地、また物事の広がる範囲。
寸暇,すんか,そんか,すんげ,すんが,わずかな空き時間。
寸評,すんぴょう,そんぴょう,すんびょう,すんひょう,短い評価。
世論,せろん,よろん,せいろん,せろんん,世間の人々の意見。本来は「せろん」で、のちに「よろん」とも。
畝,うね,ほ,たがやしみち,はたけすじ,田畑に土を盛り上げて作る列状の部分。「ほ」は面積の単位としての読み。
是正,ぜせい,ぜしょう,ぜいせい,ぜじょう,悪い点を正すこと。
是認,ぜにん,せにん,ぜんにん,ぜりん,正しいと認めること。
凄惨,せいさん,せいざん,せいさつ,さんざん,目を覆うほどむごたらしい様子。
凄絶,せいぜつ,せいぜち,さんぜつ,さいぜつ,この上なく激しく凄まじい様子。
凄愴,せいそう,さいそう,せいしょう,さいしょう,胸を痛めるほど悲しく心が痛む様子。
制定,せいてい,せいじょう,せいてつ,せいてん,新しく定めること。
性悪,しょうわる,せいあく,さがわる,しょうあく,性質や性格が悪いこと。ひねくれていること。
成就,じょうじゅ,せいじゅ,じょうしゅう,せいしゅう,願いや望みが叶うこと。
正確,せいかく,しょうかく,まさかく,せいかくう,間違いがないこと。
正気,しょうき,せいき,ただき,まさき,確かな意識。
正味,しょうみ,せいみ,ただみ,まさみ,外袋などを除いた、中身だけの実際の量や価値。
清拭,せいしき,せいしょく,きよぶき,せいしき,病気などで入浴できない人の体を、温かいタオルなどで拭いて清潔にすること。
清々しい,すがすがしい,きよきよしい,さわやか,すがすがしい,さわやかで気持ちが良い、汚れがなく心地よい様子。
生粋,きっすい,なまいき,きすい,なますい,混じり気が全くないこと。純粋なその土地生まれなど。
精査,せいさ,しょうさ,せいしゃ,せいざ,詳しく調べること。
精進,しょうじん,せいしん,しょうしん,せいじん,一つの物事に精神を集中して励むこと。肉食を断ち身を清めること。
精緻,せいち,せいちゅう,くわしち,せいじ,細部まで細かく精密なこと。非常に細かく丁寧に作られた様子を表す。
声色,こわいろ,こえいろ,こわいろ,せいしょく,声の調子。また、他人の声の出し方を真似すること。
請願,せいがん,しょうがん,せいげん,しんがん,願いを申し出ること。
逝去,せいきょ,いきょ,せいき,せいきょく,他人が他界すること、死ぬことの尊敬語。他人の死を敬って言う表現。
脆い,もろい,ぜい,きじゃい,ぜいい,簡単に壊れやすいこと。
脆弱,ぜいじゃく,きじゃく,もろじゃく,ぜいよわ,もろくて弱いこと。システムや体制の弱点を指す際にも使われる。
脆弱性,ぜいじゃくせい,きしゃくせい,よわじゃくせい,ぜいじゃくしょう,コンピュータ等の安全上の欠陥、またはもろさ。
惜別,せきべつ,しゃくべつ,おしべつ,せきわかれ,別れを惜しむこと。
脊髄,せきずい,せきすい,はいずい,せいずい,脊椎の中を通る神経の束。
赤裸々,せきらら,あからら,あか裸々,せきはだか,包み隠さず、すべてをありのままにすること。
碩学,せきがく,たいがく,せきまなび,たいまなび,学問が深く優れた人。
拙速,せっそく,せつそく,せちそく,せっこう,出来は悪いが仕事が速いこと。
拙宅,せったく,しゃくたく,つたない宅,せつたく,自分の家を謙遜して言う語。
拙著,せっちょ,しゃくちょ,つたない著,つたちょ,自分の書いた本を謙遜して言う語。
拙文,せつぶん,しゃくぶん,つたない文,せつもん,自分の書いた文章を謙遜して言う語。
拙劣,せつれつ,しゃくれつ,つたれつ,せつおち,稚拙で下手なこと。
折衝,せっしょう,せつしょう,おりしょう,せっこう,利害を調整する交渉。
折衷,せっちゅう,おりちゅう,せつちゅう,せっこう,双方を取り入れること。
折半,せっぱん,おらはん,せつはん,おりはん,二等分にすること。
折檻,せっかん,おりかん,せつかん,せっけん,厳しく叱ること。
窃取,せっしゅ,せつしゅ,とうしゅ,せんしゅ,人のものをひそかに盗み取ること。
窃盗,せっとう,せつとう,とうとう,せんとう,他人の物をひそかに盗むこと。
雪崩,なだれ,ゆきくずれ,せつほう,ゆきなだ,山の斜面に積もった雪が崩れ落ちる現象。「ゆきくずれ」は誤読で「なだれ」が正しい。
舌鼓,したつづみ,したづつみ,したつづみ,したぽん,あまりの美味しさに舌を鳴らすこと。「したづつみ」は誤読・慣用。
先見の明,せんけんのめい,さきみのめい,せんけんのあきら,さきみのあきら,将来何が起こるかをあらかじめ見抜く知恵。
先導,せんどう,せんとう,せんろう,せんど,先頭に立って導くこと。
専任,せんにん,せいにん,せんじん,せんねん,その仕事だけを担当すること。
専念,せんねん,せいねん,せんれん,せんにん,一つのことに集中すること。
戦慄,せんりつ,せんぐりつ,せんれつ,せんりち,恐怖で震えること。
扇動,せんどう,せんとう,せんろう,せんど,人をあおって行動させること。
洗礼,せんれい,あらいれい,せんらい,せんれつ,キリスト教の入信儀式、または最初の試練。
旋律,せんりつ,げんりつ,せんりち,げんりち,音楽のメロディー。
穿つ,うがつ,ほじる,うがつす,せんつ,本質を捉える、または穴をあける。
詮索,せんさく,せんあく,かんさく,せんもとめ,細部までしつこく調べること。
選任,せんにん,せいにん,せんじん,せんねん,選んで任命すること。
鮮やか,あざやか,せんやか,きよやか,あらやか,色や形がはっきりしていて美しい様子。
善後策,ぜんごさく,よごさく,よぜんさく,ぜんあとさく,事後の対応として講じる手立て。
漸く,ようやく,しばらく,しばらくく,ぜんく,だんだんと、やっとのことで。
漸減,ぜんげん,ざんげん,ぜんかん,せんげん,少しずつ減ること。
漸次,ぜんじ,じょじ,せんじ,ぜんつぎ,だんだんと・少しずつという意味。「漸次改善される」などの形で使われる。
漸進,ぜんしん,ざんしん,せんしん,ぜんじん,少しずつ進むこと。
漸増,ぜんぞう,ざんぞう,ぜんそう,せんぞう,少しずつ増えること。
全幅,ぜんぷく,ぜんはば,ぜんぱく,まったくはば,あらゆる限りの、すべての。「全幅の信頼」などと使う。
全幅の信頼,ぜんぷくのしんらい,ぜんはばのしんらい,まんぷくのしんらい,ぜんふくのしんらい,完全に信頼すること。
措辞,そじ,しょじ,さじ,そうじ,言葉遣い。
措置,そち,しょち,さち,そうち,必要な処置。
措置法,そちほう,しょちほう,そうちほう,さちほう,特別法。
措定,そてい,しょてい,そうてい,さだてい,仮に定めること。
疎外,そがい,うとがい,しょがい,そとがい,仲間外れにすること・社会や集団から切り離されること。「疎外感」などの形でよく使われる。
粗利益,あらりえき,そりえき,そりえき,あらりやく,売上高から売上原価を差し引いた、大まかな利益のこと。売上総利益。
素人,しろうと,そじん,すひと,しろひと,その道の専門でない人・未経験者。「そじん」は誤読で「しろうと」が正しい。
遡行,そこう,さくこう,さかのぼり,そぎょう,流れをさかのぼって行くこと。物事の過去にさかのぼって調べること。
創痍,そうい,しょうい,きずい,そういき,負傷、傷つくこと。
喪失,そうしつ,もしつ,さんしつ,そういつ,大切なものを失うこと。
壮絶,そうぜつ,そうぜち,さくぜつ,しょうぜつ,非常に激しくすごい様子。
早乙女,さおとめ,はやおとめ,そうおとめ,さおとご,田植えをする若い女性のこと。また女性の名前にも使われる。
早急,さっきゅう,そうきゅう,はやきゅう,そっきゅう,非常に急ぐこと。「そうきゅう」も許容されているが、本来の読みは「さっきゅう」。
痩せ我慢,やせがまん,そうがまん,やせごしん,そうごしん,無理して苦しさを我慢すること。
痩躯,そうく,やせく,しょうく,そうたい,やせた体つき。
相応,そうおう,あいおう,そうおうう,あいおうう,ふさわしいこと。
相応しい,ふさわしい,そうおうしい,あいおうしい,そうわしい,釣り合っている。
相見積もり,あいみつもり,あいけんつもり,そうみつもり,あいみつ,複数の業者から見積を取って比較すること。
相好,そうごう,そうこう,あいこう,あいごう,表情や顔立ちのこと。
相克,そうこく,あいこく,そうかつ,そうごく,対立すること。
相殺,そうさい,あいさつ,そうさつ,あいさい,互いの利害・損得を差し引いてゼロにすること。「あいさつ（挨拶）」とは別の語。
相乗効果,そうじょうこうか,あいのりこうか,そうじょうこうが,そうじょうか,互いに高め合う効果。
相槌,あいづち,そうつい,あいづつ,そうづち,会話で打つ受け答え。
相貌,そうぼう,そうよう,しょうぼう,そうもう,顔つきや容貌。
相俟って,あいまって,そうまって,あいまたって,そうまたって,互いに作用して。
聡明,そうめい,さとめい,そうみょう,さとみょう,賢くて物事をよく理解する様子。
草鞋,わらじ,くさあし,そうかい,くさぐつ,わらで編んだ履物。「そうかい」「くさあし」は誤読で「わらじ」が正しい。
霜,しも,そう,こおりつゆ,しらしも,気温が下がり地表に凍りついた水分。「そう」は音読みで「しも」が正しい。
贈呈,ぞうてい,そうてい,ぞうじょう,おくりてい,贈ること。
造詣,ぞうけい,ぞうし,つくりけい,つくりし,その分野の学問や技術に深い知識と理解があること。
即ち,すなわち,そくち,つまり,ただち,言い換えれば・つまり・その場でという意味。接続詞として広く使われる。
即席,そくせき,すぐせき,そくばしょ,すぐばしょ,その場ですぐに用意すること。
息巻く,いきまく,そくまく,いきけん,そくけん,激しい勢いで強がって言うこと。
足跡,あしあと,そくせき,あしあと,あしせき,人や動物が歩いた跡。業績の意味では「そくせき」とも読む。
足袋,たび,そくたい,あしぶくろ,あしたい,和装に使う布製の履物。「そくたい」は誤読で「たび」が正しい。
続投,ぞくとう,つづきとう,しょくとう,ぞくなげ,引き続き担当すること。
続柄,つづきがら,ぞくがら,つながら,つづきばら,親族関係の呼び方。父・母・兄弟など、家族の間柄を表す語。
他愛ない,たあいない,たわいない,ほかあいない,たいない,とりとめがない。
他山の石,たざんのいし,たやまのいし,たざんのいわ,たやまのいわ,他人の誤った言動を見て、自分の戒めとすること。
他人事,ひとごと,たにんごと,ほかびとごと,たじんごと,自分に関係ないこと。
惰性,だせい,たせい,おこたせい,なせい,これまでの習慣で続けている動きや状態。
体裁,ていさい,たいさい,たいさい,ていざい,外から見た様子、格好、世間体。書類などのレイアウトや体裁。
対峙,たいじ,たいじじ,むかいじ,むかいじじ,向かい合ってそびえ立つこと、または対抗して睨み合うこと。
怠惰,たいだ,たいた,だいた,おこたた,なまけて気力がない様子。
代替,だいたい,だいがえ,かわりたい,だいたえ,他のものに置き換えること。「だいがえ」は誤読。正しくは「だいたい」。
代弁,だいべん,たいべん,よべん,だいへん,代わりに話すこと。
台頭,たいとう,だいとう,だいあたま,たいず,勢力を増して、表面に現れてくること。頭角を現すこと。
大衆,たいしゅう,だいしゅう,おおしゅう,たいしゅうう,一般の民衆。
大勢,たいせい,おおぜい,だいぜい,たいせい,物事の全体の形勢、大きな流れ。※画像「大勢(が決まる)」は「たいせい」。
大団円,だいだんえん,だいだんまる,おおだんえん,だいとえん,物語や事件などが丸く収まって終わること。「だんえん」が正しく「だんまる」は誤り。
大舞台,おおぶたい,だいぶたい,だいステージ,おおステージ,重要な活躍の場、実力を発揮する大きな晴れの舞台。
卓見,たっけん,たくけん,しゅうけん,たっげん,優れた見識。
嘆願,たんがん,だんがん,たんげん,たんねん,強く願い出ること。
端役,はやく,たんやく,はしやく,はやく,演劇や映画などで、重要性の低い重要でない役。重要性の低い役割。
耽溺,たんでき,たんじゅん,ふけでおぼれる,たんできき,ひとつのことに夢中になって溺れること。
鍛錬,たんれん,だんれん,たんせん,たんらん,厳しく鍛えること。
弾劾,だんがい,たんがい,だんかく,たんかく,責任を問い、不正をあばいて責めること。
暖簾,のれん,だんれん,あたためとばり,おんとばり,商店の入口に垂らす布製の仕切り。「だんれん」は誤読で「のれん」が正しい。
知悉,ちしつ,ちこと,ししつ,ちしつう,知り尽くすこと。
弛む,たるむ,しむ,しかむ,たゆむ,張りがなくなり緩むこと。
弛緩,しかん,たいかん,しゆる,たかん,たるんで緩むこと。
稚拙,ちせつ,わかへた,じせつ,ちしつ,幼稚でつたないこと。技術や文章などが未熟な様子を指す。
遅延,ちえん,じえん,ちねん,ちえい,予定より遅れること。
遅滞,ちたい,じたい,ちだい,ちたいい,遅れて進まないこと。
竹刀,しない,たけがたな,ちくとう,たけとう,剣道の稽古に使う竹製の剣。「ちくとう」は誤読で「しない」が正しい。
逐次,ちくじ,おいおいじ,たくじ,ちゅくじ,順を追って次々と行うこと。「逐次処理」「逐次報告」などの形で使われる。
茶飯事,さはんじ,ちゃはんじ,ちゃめしごと,さはんこと,日常のありふれたこと。きわめて普通な出来事。
嫡子,ちゃくし,てきし,嫡子,ちゃくし,正妻の産んだ最初の子。家督を継ぐべき子。
着任,ちゃくにん,じゃくにん,ちゃくじん,ちゃくねん,新しい任務に就くこと。
中傷,ちゅうしょう,ちゅしょう,ちゅぞう,ちゅうそう,根拠なく悪く言うこと。
仲人,なこうど,なかにん,ちゅうじん,なかびと,結婚の仲介をする人。「ちゅうじん」は誤読で「なこうど」が正しい。
抽象,ちゅうしょう,ちゅしょう,ちゅぞう,ちゅうそう,共通する性質を抜き出して考えること。
著しい,いちじるしい,ちょしい,けんちょしい,あらわしい,はっきりと目立つほど程度が大きい様子。
著す,あらわす,ちょす,ちょうす,いちょす,書物を書いて出すこと。
丁重,ていちょう,ひのとじゅう,ていじゅう,ひのとちょう,礼儀正しく、手厚いこと。
丁稚,でっち,ていち,ちょうち,でいち,商家に住み込みで奉公する少年。
凋落,ちょうらく,しゅうらく,おちぶれ,ちょうらく,勢いが衰えて落ちぶれること。花や葉がしぼんで落ちること。
寵愛,ちょうあい,しょうあい,ちょうえい,ちょうい,特別にかわいがること。
彫琢,ちょうたく,ほりたく,ちょうず,ほりず,詩や文章を美しく練り上げること。
懲戒,ちょうかい,こらしめ,ちょうけい,しょうかい,規則違反に対する処分。
暢気,のんき,ちょうき,のびき,ゆっくり,細かいことを気にせず、おっとりとしている様子。「暢気者」「暢気な性格」の形で使われる。
跳梁,ちょうりょう,とうりょう,ちょうろう,ちょうよう,思うままに勢力を振るうこと。
長大,ちょうだい,ながおお,ちょうたい,ながたい,非常に長くて大きいこと。
鳥獣,ちょうじゅう,とりけもの,ちょうけもの,とりじゅう,鳥と獣。
鳥瞰,ちょうかん,とりかん,ちょうがん,とりみ,全体を見渡すこと。
直向き,ひたむき,ちょくむき,なおむき,ひたむきき,一つのことに一生懸命に向かう様子。
直訴,じきそ,ちょくそ,なおそ,じかそ,直接訴えること。
陳情,ちんじょう,じんじょう,ちんせい,ちんしょう,事情を述べて要望すること。
陳腐,ちんぷ,ちんくさ,ふるぷ,ふるくさ,古くさくて、ありふれていてつまらないこと。
追い風,おいかぜ,ついふう,おいふう,ついかぜ,進行方向に吹いて助けになる風。
追従,ついじゅう,ついしょう,おいじゅう,おいしたがう,他人の後に従うこと。「ついしょう」はへつらうこと。
潰える,ついえる,かいえる,つぶえる,かいする,計画などが失敗して崩れること。
釣瓶,つるべ,つりべ,つるべ,つりびん,井戸から水を汲み上げるための、縄をつけた桶。
停滞,ていたい,ちょうたい,ていだい,ていた,進行が止まること。
呈する,ていする,しめいする,あらわす,ていじする,ある状態を表すこと、差し出すこと。
定石,じょうせき,ていせき,さだいし,ていいし,囲碁の決まった打ち方、または物事の定番の方法。
諦める,あきらめる,ていめる,すてめる,やめる,望みを捨てて断念すること。「諦観」と同じ「諦」の字。仏教語が語源。
諦観,ていかん,あきらめかん,ちかん,たいかん,物事の本質を見通すこと、または迷いなく諦めの境地に達すること。
逓減,ていげん,しげん,ていけん,てきげん,段階的に減少すること。
逓増,ていぞう,しぞう,ていそう,てきぞう,段階的に増加すること。
適宜,てきぎ,てきよろしく,てきぎぎ,てきよろし,各自の判断でその場にぴったり合うように行うこと。
撤回,てっかい,てつかい,てつえ,てっえ,一度示した意見や決定を取り消すこと。
撤去,てっきょ,てつきょ,てっこ,てっこう,取り払うこと。
撤収,てっしゅう,てつしゅう,てっそう,てっじゅう,引き揚げること。
撤廃,てっぱい,てつはい,てつばい,てっぱき,それまでの制度や規則を取り除くこと。
天下逸品,てんかいっぴん,てんかいつぴん,てんげいっぴん,てんかいちひん,世の中に並ぶものがないほど優れた品。
天晴れ,あっぱれ,てんせい,てんばれ,あまばれ,見事である、立派であるという感嘆の語。
天賦,てんぷ,てんもち,てんぶ,てんぶぶ,生まれつき備わっている才能など。
添付,てんぷ,てんふ,そうふ,てんつけ,付け加えること。
貼紙,はりがみ,ちょうし,てんし,はりし,貼り付けた紙。
貼替,はりかえ,てんかえ,ちょうかえ,はりがえ,貼り替えること。
貼付,てんぷ,ちょうふ,はりつけ,てきふ,書類などを貼り付けること。「ちょうふ」は俗読みで、正しくは「てんぷ」。
転変,てんぺん,てんべん,ころへん,てんへん,移り変わること。
点在,てんざい,てんさい,てんざ,でんざい,あちこちに存在すること。
伝播,でんぱ,でんばん,つたわり,でんぱ,広く伝わり、広がっていくこと。波動や文化などが他に広まること。
澱,おり,でん,にごりしたに,しずみ,液体の底に沈んだ不純物・沈殿物。「でん」は音読みで「おり」が正しい。
田舎,いなか,でんしゃ,たいなか,たいなわ,都市から離れた自然豊かな地方。「でんしゃ」は誤読で「いなか」が正しい。
兎も角,ともかく,うさぎかく,とりあえず,ともかど,それはさておき・いずれにせよという意味。「兎も角、まずやってみよう」などの形で使われる。
吐露,とろ,はろ,とろう,はく,心の中の思いを隠さず述べること。
妬む,そねむ,ねたむ,いきどおる,うらむ,人をうらやんで憎むこと。
杜撰,ずさん,とせん,ずざん,もりさん,仕事や計画がいい加減なこと。
度外視,どがいし,たびがいし,どそとし,たびそとし,全く問題にしないこと。
土産,みやげ,どさん,つちうまれ,どうさん,旅先などから持ち帰る贈り物。「どさん」は誤読で「みやげ」が正しい。
土壇場,どたんば,つちだんば,どだんば,つちたんば,決断を迫られる最後の場面。
凍結,とうけつ,こおりけつ,とうせつ,とうげつ,一時的に停止すること。
唐突,とうとつ,からとつ,とうつき,からつき,前触れもなく急で、不意であること。
淘汰,とうた,たいた,あらいた,たいだ,良いものを残し、不要なものを排除すること。
等閑,とうかん,とうかんん,ひとしひま,などか,物事をいい加減に扱うこと。「なおざり」とも読む。
答申,とうしん,とうもう,こたえもうし,とうじん,諮問に対する回答。
答弁,とうべん,こたえべん,とうべつ,こたえべつ,質問に対して返答や説明をすること。
踏査,とうさ,ふみさ,とうしゃ,ふさ,現地調査。
踏襲,とうしゅう,ふしゅう,とうしょう,ふとう,前例を受け継ぐこと。
踏破,とうは,ふみは,とうば,ふは,歩いて制覇すること。
逃避,とうひ,にげひ,とうし,のがれひ,現実や困難から逃げること。「現実逃避」「逃避行動」などの形で使われる。
陶酔,とうすい,とうえい,とうせい,どうすい,気分よく酔いしれること。
陶成,とうせい,とうじょう,とうしょう,どうせい,立派に育て上げること。
陶冶,とうや,とうじ,とうえい,どうや,人格や能力を育てること。
頭角,とうかく,あたまつの,ずかく,あたまかく,才能や実力が周囲よりも抜きん出ること。
撞着,どうちゃく,しょうちゃく,どうじゃく,しょうじゃく,前後の言動が一致しないこと。「自己撞着」の形で使われる。
督促,とくそく,とくさい,どくそく,とくしょく,支払いなどを催促すること。
督励,とくれい,とくり,どくれい,とくらい,励まして奮い立たせること。
篤志,とくし,あつし,とくじ,とくこころ,社会貢献に熱心なこと。
篤実,とくじつ,あつじつ,とくみ,とくざね,誠実で情が厚いこと。
独占,どくせん,どくしょう,どくぜん,どくえん,一者だけが支配すること。
読経,どきょう,よみきょう,とっきょう,どうきょう,お経を声に出して読むこと。「よみきょう」は誤読で「どきょう」が正しい。
読破,どくは,よみやぶり,どくぱ,よみは,本を最後まですべて読み切ること。
凸凹,でこぼこ,とつおう,とつぼこ,でこうお,表面が平らでなく出っ張りやへこみがある様子。「とつおう」は音読み。
突風,とっぷう,つきかぜ,とつふう,つきぷう,急に激しく吹く風。
頓挫,とんざ,どんざ,とんさ,とんさつ,計画や物事が途中で行き詰まること。
頓着,とんちゃく,どんちゃく,とんじゃく,どんじゃく,気にかけること、こだわること。
鈍重,どんじゅう,にぶじゅう,どんちょう,にぶちょう,動きが遅く重たい様子。
内省,ないせい,ないしょう,うちかえりみ,うちせい,自分の考えや行動を深く反省すること。
内包,ないほう,うちづつみ,ないぽう,ないよう,含み持つこと。
内裏,だいり,ないり,うちり,だいりい,皇居、またはお雛様の男雛と女雛。
内訌,ないこう,ないかく,ないつい,うちこう,内部での争い、内紛。
凪,なぎ,てい,かぜなし,しずかうみ,風がやんで波が静まった状態。「てい」は誤読で「なぎ」が正しい。
捺印,なついん,おしいん,なつし,さついん,書類に印鑑を押すこと。「押印」と同じ意味。「なついん」が正しい読み。
難解,なんかい,だんかい,なんげ,なんけ,理解しにくいこと。
難儀,なんぎ,だんぎ,なんぎょう,なんき,苦労すること。
難詰,なんきつ,むずきつ,なんづめ,むずづめ,欠点を厳しくなじること。
難航,なんこう,だんこう,なんごう,なんぎょう,順調に進まないこと。
難渋,なんじゅう,なんしぶ,なんじゅ,だんじゅう,苦労すること。
難色,なんしょく,なんいろ,だんしょく,なんじき,気が進まない様子。
難読,なんどく,だんどく,なんよみ,なんとく,読みにくいこと。
肉汁,にくじゅう,にくじる,にくしる,にくじゅ,肉を調理したときに出る、旨味を含んだ汁。
日和,ひより,にちわ,にっわ,にちゆう,空模様・天気の具合のこと。「にちわ」は誤読で「ひより」が正しい。
乳離れ,ちばなれ,にゅうばなれ,ちちばなれ,にゅうりばなれ,母乳をやめること。
如実,にょじつ,じょじつ,ごとじつ,にょじつ,実際の通りであること、ありのまま、生き生きとしている様子。
忍冬,にんどう,しのぶふゆ,にんとう,しのとう,つる性の植物の一種。スイカズラ。
年波,としなみ,ねんぱ,としなみみ,ねんなみ,重なる年齢、老いること。
年俸,ねんぽう,ねんぼう,としほう,ねんぽく,1年を単位として支給される給与や報酬の額。
粘着,ねんちゃく,ねばちゃく,ねんちゅう,ねばちゅう,ぴったりとくっついて離れないこと。
能弁,のうべん,のうべつ,あたべん,あたべつ,言葉巧みに、しゃべるのが上手なこと。
膿む,うむ,のうむ,うみむ,のむ,傷口が化膿すること。
把握,はあく,はにぎり,ばあく,はわく,しっかり理解すること。
把持,はじ,はもち,ばじ,はし,しっかり持つこと。
波及,はきゅう,なみきゅう,はきう,なみきう,影響がだんだんと周囲に広がっていくこと。
波止場,はとば,なみとば,はしば,なみどば,船が停泊し荷物の積み降ろしをする所。「なみとば」は誤読で「はとば」が正しい。
波紋,はもん,なみもん,はぶん,はばん,水面に広がる同心円状の波。また、社会に広がる影響を指す。
破格,はかく,やぶかく,はかくく,やぶかくく,一般的・標準的な基準を大きく外れて格別なこと。
破綻,はたん,はじょう,やぶれたん,はじれつ,計画や事業などが行き詰まり、うまくいかなくなること。
破天荒,はてんこう,やぶてんこう,はてんあら,やぶてんあら,前人未到の偉業を成し遂げること。※豪快という意味は誤り。
拝啓,はいけい,はいかい,おがみけい,はいぎょう,手紙の冒頭に書く挨拶の言葉。
拝見,はいけん,はいみ,おがみけん,はいげん,見ることの謙譲語。
拝聴,はいちょう,おがみちょう,はいきき,はいちょお,話を聞くことの謙譲語。
拝読,はいどく,はいよみ,おがみどく,はいとく,読むことの謙譲語。
拝命,はいめい,はいいのち,おがみめい,はいみょう,任命を受けることの謙譲語。
排除,はいじょ,はいしょ,はいぞ,はいちょ,取り除くこと。
排斥,はいせき,はいしゃく,はいじゃく,はいせつ,しりぞけること。
排他,はいた,はいだ,はいか,はいだつ,他を認めないこと。
培う,つちかう,ばいう,つちなう,はいかう,長い時間をかけて能力や性質を育てること。
梅雨,つゆ,ばいう,うめあめ,うめゆ,6月ごろに続く長雨の時期。「ばいう」は漢語読み、「つゆ」が日本語読み。
博学,はくがく,ばくがく,ひろがく,はっがく,広い分野の知識を持っていること。
博識,はくしき,ひろしき,ばくしき,はっしき,幅広い知識をたくさん持っていること。
博覧強記,はくらんきょうき,ひろみきょうき,はくらんごうき,ひろみごうき,広く書物を読み、よく記憶していること。
白髪,しらが,はくはつ,しろかみ,しろがみ,色素が抜けた白い髪の毛。「しらが」が和語の読み、「はくはつ」は漢語読み。
箸,はし,ちょ,たべもの,しょくじき,食事に使う細長い棒状の道具。「ちょ」は音読みで「はし」が正しい。
発起,ほっき,はっき,はつき,ほき,計画を起こすこと。
発祥,はっしょう,ほっしょう,はつしょう,ほしょう,物事の始まり。
発足,ほっそく,はっそく,はつそく,ほつそく,組織などが始まること。
発端,ほったん,はったん,ほつたん,はつたん,物事の始まり。
発露,はつろ,はつる,ほつろ,はっろ,感情や考えが表れ出ること。
抜群,ばつぐん,ぬきぐん,ばっぐん,ぬきむら,周囲と比べて特に優れていること。
反故,ほんご,はんこ,はんこお,ほんこ,書き損じた紙、または約束を無効にすること。「ほご」とも。
反故にする,ほごにする,はんごにする,ほんごにする,はごにする,約束や決定を無効にすること。
反芻,はんすう,へんすう,はんちゅう,へんちゅう,牛などが食べたものを再び口に戻して噛むこと。何度も考え直すこと。
反芻動物,はんすうどうぶつ,へんすうどうぶつ,はんちゅうどうぶつ,へんちゅうどうぶつ,食べたものを再び咀嚼する動物。牛などが該当。
氾濫,はんらん,ぼんらん,はんらん,ぼんかん,水があふれ出ること。情報などが過剰に出回ること。
汎化,はんか,ぼんか,はんげ,ひろか,一般化すること。
汎用,はんよう,ぼんよう,ばんよう,ほんよう,広く色々な方面に用いること。
繁盛,はんじょう,はんせい,しげもり,はんじょうう,賑わって栄えること。
繁茂,はんも,しげも,はんもお,しげもお,草木が盛んに生い茂ること。
頒布,はんぷ,ぶんぷ,はんふ,ぶんふ,品物などを多くの人に分けて配ること。
卑下,ひげ,ひか,いやしげ,へいげ,自分を実際よりも低く見せること。
卑近,ひきん,いやしきん,へいきん,ひごん,身近でありふれている様子。
卑屈,ひくつ,いやしくつ,へいくつ,ひこつ,自分を必要以上に低く見て、こびる態度。
卑猥,ひわい,いやしわい,へいわい,ひせつ,いやらしく、みだらな様子。
批准,ひじゅん,ひじゅ,ひじゅんん,ひせつ,条約を最終的に確認して承認すること。
批難,ひなん,うつなん,ひなんん,うつなんん,人の過ちや欠点を責めること。通常は「批判」「非難」を使う。
披瀝,ひれき,ひろれき,ひろう,ひりゃく,包み隠さず述べること。
比肩,ひけん,ひかた,くらべけん,くらべかた,優劣がなく肩を並べること。
比類,ひるい,ひたぐい,くらべるい,くらべたぐい,他に比べるものがないほど優れていること。
罷免,ひめん,ばめん,ひべん,ひみん,役職を辞めさせること。
誹謗,ひぼう,ひひょう,はいぼう,ひほう,他人を悪く言って傷つけること。「誹謗中傷」の形で使われる。
費える,ついえる,ひえる,つかえる,ひつえる,お金や物が減って無くなること。
飛沫,しぶき,とびまつ,ひまつ,とびしる,液体が細かく飛び散ったもの。「ひまつ」は感染症関連で使われるが「しぶき」が本来の読み。
微塵,みじん,びじん,ちいさじん,びちり,非常に細かい粒・ごくわずかのこと。「びじん（美人）」とは異なる語。
美辞麗句,びじれいく,びじうるわしく,びことれいく,うつくしことばれいく,うわべだけを美しく飾った、中身のない言葉。
美人局,つつもたせ,びじんきょく,びじん局,みとせ,夫婦などが共謀し、妻に他の男を誘惑させ、それを言いがかりに金品を脅し取る狂言。
柊,ひいらぎ,しゅう,いがき,とげき,葉に鋭いトゲを持つ常緑樹。「しゅう」は誤読で「ひいらぎ」が正しい。
逼迫,ひっぱく,きんぱく,せまりはく,ひきはく,事態が差し迫って余裕がなくなること。財政・状況が追い詰められた状態。
紐帯,ちゅうたい,ひもたい,じゅうたい,つながりたい,人と人、国と国などをつなぐ絆・きずな。「家族の紐帯」などの形で使われる。
百舌,もず,ひゃくぜつ,ものまね,もうぜつ,小型の猛禽類の鳥。さまざまな鳥の声を真似ることから「百の舌」。
氷山の一角,ひょうざんのいっかく,こおりやまのいっかく,ひょうざんのひとつのつの,こおりやまのひとつのつの,現れている事象が、全体のほんの一部にすぎないこと。
頻出,ひんしゅつ,びんしゅつ,ひんで,びんで,よく現れること。
頻繁,ひんぱん,びんぱん,ひんばん,びんばん,たびたび起こること。
不興,ふきょう,ぶきょう,ふこう,ぶこう,機嫌が悪いこと、興がそがれること。
不肖,ふしょう,ぶしょう,ふしょお,ぶしょお,自分を謙遜して言う語、才能や器量が劣ること。
不織布,ふしょくふ,おりぬの,ふおりぬの,ふしきふ,繊維を織らずに絡み合わせた布。
不世出,ふせいしゅつ,ふよで,ぶせいしゅつ,ふせいしつ,めったに世に現れないほど優れた。
不遜,ふそん,ぶそん,ふじゅん,ぶじゅん,おごり高ぶって謙虚さがないこと。
不貞腐れる,ふてくされる,ふていくされる,ふてぐされる,ふてくさる,不満や反抗心から投げやりな態度をとること。「ふていくされる」は誤読。
不憫,ふびん,ふびんん,かわいそう,ぶびん,哀れでかわいそうな様子。
布石,ふせき,ぬのいし,ふいし,ぬのせき,将来のためにあらかじめ打っておく手回し。
扶助,ふじょ,ふすけ,ふたすけ,ふしょ,力を貸して助けること。
扶養,ふよう,ふえい,たすけよう,ふいく,生活面で他人を経済的に支えること。
敷設,ふせつ,しきせつ,しきまう,ふせつう,鉄道や電線を設置すること。
敷衍,ふえん,しえん,ふせん,ふよう,内容を詳しく説明して広げること。
普及,ふきゅう,ふきゅうう,あまねきゅう,ふきう,広く行き渡ること。
普及啓発,ふきゅうけいはつ,ふきゅうひらきはつ,ふきうけいはつ,ふきうひらきはつ,広く行き渡らせ、理解を深めさせること。
普遍,ふへん,ふべん,あまねあまね,ふへんん,すべてに共通して広く当てはまること。
普遍的,ふへんてき,ふべんてき,あまねてき,ふへんてきき,すべてのものに共通して当てはまる様子。
浮き世,うきよ,ふきよ,うきせ,ふせい,はかない無常の世の中。世間。
浮腫み,むくみ,ふしゅみ,うきはれみ,ふしゅ,体に水分がたまって腫れること。
赴任,ふにん,ふじん,ふじにん,ふうにん,任地へ行って勤務すること。
楓,かえで,ふう,もみじき,あきのき,秋に紅葉する落葉樹。「ふう」は別種（フウ）の音読みで混同されやすい。
服役,ふくえき,ふくやく,ふくえん,ふくせき,刑務所で刑に服すること。
覆す,くつがえす,ふくす,くつがえる,おおいす,完全に反対の結果に変えること。
覆面,ふくめん,ふうめん,おおいめん,かぶめん,顔を覆い隠すこと、また正体を隠すこと。
払拭,ふっしょく,はらいふく,ふっし,はらいしき,すっかり取り除くこと。「不安を払拭する」の形でよく使われる。
払底,ふってい,はらいてい,ふつてい,はらってい,品物などがすっかり乏しくなり不足すること。
分限,ぶんげん,ぶんげ,わけげん,ぶんげんん,その人の身分や財産の程度。
紛れる,まぎれる,ふんれる,こんれる,みだれる,他のものと混ざって区別しにくくなること。
紛糾,ふんきゅう,ぶんきゅう,ふんきょう,ぶんきょう,物事が複雑にもつれて混乱すること。
紛失,ふんしつ,ぶんしつ,ふんじつ,ぶんじつ,物をなくしてしまうこと。
雰囲,ふんい,ふいん,あんい,ほうい,ある場所全体に漂う気配・ムード（「雰囲気」の略ではない単語として）。
雰囲気,ふんいき,ふいんき,ふんき,ふにんき,その場に漂う独特の気配・情緒。「ふいんき」は誤読として定着しているが、正しくは「ふんいき」。
平易,へいい,へいやす,たいらい,びょうい,わかりやすく簡単なこと。
平穏,へいおん,たいらおん,へいおんん,たいらおんん,変わったことがなく、穏やかなこと。
平生,へいぜい,へいせい,ひらなま,へいじょう,ふだん、いつも、平素。日常の様子。
弊害,へいがい,はいがい,へいかい,はいかい,他に悪い影響を及ぼす害。
僻見,へきけん,へんけん,へきみ,ひけん,偏った見方。
蔑む,さげすむ,べつむ,みくだむ,いやしむ,相手を劣ったものとして見下すこと。軽蔑する・馬鹿にする意味。
蔑視,べっし,さげすみし,みくだし,へいし,見下すこと・軽蔑して扱うこと。「女性蔑視」「弱者蔑視」などの形で使われる。
偏屈,へんくつ,へんほり,へんつつ,かたくつ,ひねくれていること。
偏見,へんけん,へんみ,かたよりけん,へんげん,先入観。
偏向,へんこう,へんきょう,かたこう,かたきょう,考え方や態度が一方に偏ること。
偏在,へんざい,へんさい,かたよざい,へんあり,偏って存在すること。
偏重,へんちょう,へんじゅう,かたよりちょう,へんしょう,一方に偏ること。
偏頗,へんぱ,へんば,へんは,へんぽ,公平でなく偏っていること。
偏頭痛,へんずつう,かたずつう,へんとうつう,かたとうつう,頭の片側に起こる痛み。「片頭痛」とも表記。
変節,へんせつ,べんせつ,へんぶし,べんぶし,それまでの主義や態度を変えること。
変貌,へんぼう,へんかお,へんぼうう,へんかおう,姿や様子がすっかり変わること。
片鱗,へんりん,かたりん,へんうろこ,かたうろこ,ほんの一部。
編纂,へんさん,へんざん,へんせん,へんしゅう,資料を集めて編集すること。
辺鄙,へんぴ,へんび,へんひ,へんべい,交通などが不便な土地。
返戻,へんれい,へんもどり,へんろ,へんとう,返却すること。
遍在,へんざい,へんさい,へんだい,へんさい,広く至る所に存在すること。
弁駁,べんばく,べんぱく,へんばく,べんぼく,他人の意見に反論すること。
弁明,べんめい,べんみょう,べんあきら,わきまえめい,事情を説明して言い訳すること。
保留,ほりゅう,ほる,ほりゅ,ぼりゅう,そのまま残しておくこと。
補正,ほせい,ほしょう,ふせい,ぼせい,不足や誤りを直すこと。
補填,ほてん,ほちん,ほしん,ほちょう,不足している部分を埋めて合わせること。
包括,ほうかつ,ほうせつ,ほうこう,ほうがつ,全体をまとめて含むこと。
包含,ほうがん,ほうよう,ほうかん,ほうげん,中に含むこと。
包摂,ほうせつ,ほうかつ,ほうしょう,ほうぜつ,広く取り込んで含むこと。
放埒,ほうらつ,ほうだつ,ほうれつ,ほうらち,勝手気ままに振る舞うこと。
放埓,ほうらつ,ほうらつつ,はなちらつ,ほうらつち,勝気で気まま、だらしないこと。
朋友,ほうゆう,ともゆう,ほうとも,ぼうゆう,友人、仲間。
法要,ほうよう,ほうえい,のりよう,のりえい,死者の供養のために行う仏事。
邦楽,ほうがく,くにがく,くにおん,ほうおん,日本の伝統的な音楽。
邦人,ほうじん,くにじん,くにびと,ほうにん,海外に住んでいる日本人。
忘恩,ぼうおん,わすれおん,ぼうえん,わすれえん,受けた恩を忘れること。
冒涜,ぼうとく,ぼうどく,もうとく,もうどく,神聖なものや尊いものを侮辱すること。
紡ぐ,つむぐ,ほうぐ,はぐ,おぐ,糸を作ること、また言葉や物語を組み立てること。
撲滅,ぼくめつ,はくめつ,ぼくもつ,はくもつ,完全に滅ぼしてなくすこと。
睦月,むつき,もくつき,しんげつ,むつかつき,旧暦1月の別名。人々が打ち解け「むつびあう」月という意味。
勃発,ぼっぱつ,おこりはつ,ぼつはつ,おこりぱつ,事件などが急に起きること。
没頭,ぼっとう,ぼつとう,もっとう,ぼっどう,一つのことに熱中すること。
本懐,ほんかい,ほんけ,もとかい,ほんかいいた,本来の願いや本望。
本末転倒,ほんまつてんとう,ほんすえてんとう,もとすえてんとう,もとまつてんとう,大事なことと取るに足らないことを取り違えること。
翻弄,ほんろう,はんろう,ほんどう,ほんろ,思い通りに操られること。
凡人,ぼんじん,はんじん,ぼんにん,ぼうじん,普通の人。
凡退,ぼんたい,はんたい,ぼんてい,ぼうたい,平凡なアウト。
凡百,ぼんぴゃく,はんぴゃく,ぼんびゃく,ぼんひゃく,多くの平凡なもの。
凡庸,ぼんよう,はんよう,ぼんゆう,ぼんようう,平凡なこと。
凡例,はんれい,ぼんれい,ぼんたとえ,はんたとえ,書物・地図などの使い方や記号を説明した部分。「凡例を参照」などの形で使われる。
摩耗,まもう,さもう,すりもう,まこう,すり減ること。
麻痺,まひ,まび,あさひ,ばひ,体の感覚や機能が失われること。
埋蔵,まいぞう,うめぞう,まぞう,まいそう,埋めて保存すること。
埋没,まいぼつ,うもつ,まいもつ,うめぼつ,埋もれること。
昧する,くらますする,まいする,あいまいする,ばいする,真実をはっきりさせず曖昧にすること。
幕間,まくあい,まくま,まくかん,まくあい,演劇などで、一つの幕が閉じてから次の幕が開くまでの間の休憩時間。
末期,まつご,まっき,すえき,まつご,人間の死に際、最期のこと。※画像「末期(の水)」は「まつごの水」。
末梢,まっしょう,まつしょう,まっそ,ばっしょう,物事の中心から外れた末端の部分。
万事,ばんじ,まんじ,よろずじ,よろずこと,すべてのこと。
万寿,まんじゅ,ばんじゅ,よろずじゅ,まんじゅじゅ,長寿を祝う言葉。
万全,ばんぜん,まんぜん,よろずぜん,ばんぜん,少しの手落ちもない、完璧で絶対に安全な様子。
満身創痍,まんしんそうい,まんしんきず,みつみそうい,まんしんそうき,体中が傷だらけ、または非難を浴びている状態。
蔓延,まんえん,まんのべ,つるのべ,ばんえん,広い範囲に広がること。
未婚,みこん,びこん,みごん,みけん,結婚していないこと。
未曾有,みぞう,みぞうう,みそう,いまだかつてない,いまだかつて起こったことがない珍しいこと。
未練,みれん,びれん,みなれん,まだれん,あきらめきれない気持ち。
脈診,みゃくしん,ばくしん,みょうしん,みゃくせん,脈を見る診察。
脈拍,みゃくはく,みゃくぱく,ばくはく,みゃくひょう,脈の回数。
脈々,みゃくみゃく,みゃくばく,ばくばく,みゃくやく,絶えず続くこと。
脈絡,みゃくらく,みゃくらく,ばくらく,みょうらく,つながり。
妙味,みょうみ,たえみ,みょうみい,みょうび,優れた味わいやおもしろみ。
夢魔,むま,ゆめま,むうま,ゆうま,恐ろしい夢、悪夢を見せる魔物。
無垢,むく,ぶく,なきあか,むこう,清らかで汚れがないこと。
無精,ぶしょう,むせい,むしょう,むしょい,何事も億劫がってだらけること。
冥利,めいり,みょうり,めいりつ,みょうりつ,知らずに受けている恩恵、幸運。
名残,なごり,みょうさん,なのこり,なごろ,別れの名残・物事が終わった後に残る余韻。「みょうさん」は誤読。
名代,なだい,みょうだい,めいだい,なだい,評判が高いこと、有名であること。または代理人のこと。※画像「名代(の店)」は「なだい」。
名誉,めいよ,みょうよ,なよ,めいよお,誇りとなる良い評判。
名誉毀損,めいよきそん,めいよきしん,めいよきしょう,めいよきぞん,他人の名誉を傷つけること。
明るみ,あかるみ,めいるみ,あきるみ,みょうるみ,公然と知れた状態。秘密が明らかになること。
明後日,あさって,みょうごにち,あけごにち,あしたあした,今日の2日後のこと。「みょうごにち」は音読みで「あさって」が正しい。
明示,めいじ,みょうじ,めいし,あかしじ,はっきり示すこと。
免除,めんじょ,めんしょ,めんぞ,めんちょ,義務をなくすこと。
免責,めんせき,めんじゃく,めんぜき,めんしゃく,責任を免除すること。
面目,めんぼく,めんもく,めんぶつ,かおめ,世間に対する名誉や立場。「めんもく」も正解。
妄言,もうげん,ぼうげん,みだりげん,もうごん,根拠のない無責任な発言。
猛者,もさ,もうじゃ,たけもの,もうしゃ,武勇に優れた人、あるいは特定の分野で非常に実力や勢力がある人。
猛烈,もうれつ,みょうれつ,たけれつ,ぼうれつ,程度が非常に激しい様子。
盲点,もうてん,めくらてん,ぼうてん,もうでん,見落としている重要な点。
盲目,もうもく,めくらめ,ぼうもく,めしい,目が見えないこと。物事を正しく判断できないこと。
網羅,もうら,ぼうら,あみら,もうろ,残らずすべてを取り入れること。
木綿,もめん,きわた,もくめん,もくわた,綿花から作られる繊維・布地。「もくめん」は誤読で「もめん」が正しい。
木霊,こだま,きだま,もくれい,きれい,山や森で声や音が反響する現象。木に宿る精霊の意味もある。
黙示,もくし,だくし,もくじ,もくせい,言葉に出さず示すこと。
黙示録,もくしろく,もくじろく,もくしろく,黙示,キリスト教における、世界の終末と最後の審判を記した書物。隠された真実の開示。
黙認,もくにん,だくにん,もくじん,もくりん,知りながら認めること。
目論見,もくろみ,めろんみ,もくがんけん,めのもくろみ,計画や企てのこと。
尤も,もっとも,ゆうも,ただし,まこと,確かにその通りという意味、または「ただし」という接続詞としても使われる。
野暮,やぼ,のぼ,やば,のば,洗練されておらず、融通が利かないこと。
弥生,やよい,いやおい,みつき,よもき,旧暦3月の別名。草木がいよいよ生い茂る月という意味。
役務,えきむ,やくむ,えきむ,やくぶ,他人のために行う労働やサービス、仕事のこと。
唯々諾々,いいだくだく,ただただだくだく,ゆいゆいだくだく,いいだく,他人の言いなりになる様子。
悠然,ゆうぜん,のんびりぜん,ゆっくりぜん,ゆうねん,落ち着いてゆったりとしている様子。「悠然と構える」などの形で使われる。
憂患,ゆうかん,ゆうげん,ようかん,ゆかん,心配や苦しみ。
憂慮,ゆうりょ,ゆうろ,ゆりょ,ようりょ,深く心配すること。
憂鬱,ゆううつ,ゆうめつ,うれいうつ,ゆうこつ,気持ちが晴れず、ふさぎ込んでいる状態。難しい漢字だが読みもよく間違えられる。
有縁,ゆうえん,うえん,ゆうふち,ありえん,縁があること、つながりがあること。
有頂天,うちょうてん,ありちょうてん,ういただきてん,うぢょうてん,大喜びして我を忘れること。
有頂天外,うちょうてんがい,ゆうちょうてんがい,ありちょうてんがい,うちょうがい,大喜びすること。
猶予,ゆうよ,ゆよ,なおよ,ゆうよう,期限を延ばして待つこと。
誘致,ゆうち,ゆうじ,ゆち,ゆうてい,呼び寄せること。
誘導,ゆうどう,ゆどう,ゆうとう,ゆうろう,ある方向へ導くこと。
遊興,ゆうきょう,ゆうこう,あそびきょう,ゆうきょうう,遊んで楽しむこと。
予め,あらかじめ,よかじめ,よめ,あらめ,前もって。事前に。
余念がない,よねんがない,よがんがない,あまりねんがない,よおもいがない,他のことを考えず集中している様子。
容赦,ようしゃ,ようじゃ,ようしょ,ようせい,許して大目に見ること。
容認,ようにん,ようじん,ようりん,ようねん,受け入れて認めること。
擁する,ようする,ようす,ようせる,ようずる,人材などを抱えること。
擁護,ようご,おうご,だきご,ようほ,かばって守ること。
擁立,ようりつ,ようたつ,ようれつ,ようりち,押し立てて支持すること。
熔ける,とろける,ようける,とける,やすける,固体が熱で溶けて柔らかくなること。
要塞,ようさい,ようそく,えいさい,ようそい,軍事的な防御のための堅固な施設。
養豚,ようとん,やしないとん,ようぶた,よういく,豚を飼育すること。
淀,よど,てん,たまりみず,ながれとまり,流れが止まって水が溜まること・地名にも使われる。「てん」は誤読で「よど」が正しい。
来援,らいえん,らいおう,らいえい,らいえんん,助けに来ること。
来訪,らいほう,らいぼう,らいほ,らいぽう,訪ねて来ること。
雷,かみなり,らい,いかずち,でんめい,空中の放電現象。「いかずち」も古語的な訓読み。
落胆,らくたん,らくにん,おちたん,おちにん,期待が外れてがっかりすること。
落丁,らくちょう,らくてい,おちちょう,おちてい,本のページが抜け落ちていること。
濫用,らんよう,かんよう,さんよう,みだりよう,むやみやたらに使うこと。
利便性,りべんせい,りびんせい,べんりせい,りべんしょう,便利であること。
吏員,りいん,しいん,つかさいん,かんりいん,役所などに勤める職員。
履修,りしゅう,ふしゅう,りしょう,りじゅう,学習課程を修めること。
履歴,りれき,ふくれき,りりゃく,りせき,過去の記録。
理不尽,りふじん,りふづん,わけふじん,りふしん,道理に合わないこと。
痢病,りびょう,しびょう,げりびょう,れきびょう,下痢を伴う病気。
裏腹,うらはら,りはら,りふく,うらふく,反対であること、逆であること。
離任,りにん,りじん,りねん,りんにん,任務を離れること。
率先,そっせん,りつせん,そつせん,りっせん,人より先に行うこと。
率直,そっちょく,りつちょく,そつちょく,りっちょく,かくしごとなくありのままであること。
立腹,りっぷく,たちふく,りつふく,たちはら,腹を立てること。怒ること。
流出,りゅうしゅつ,るしゅつ,りゅうで,りゅうじゅつ,外へ流れ出ること。
流転,るてん,りゅうてん,ながれころがり,りゅうでん,移り変わっていくこと。
流布,るふ,りゅうふ,ながれぬの,りゅうほ,世間に広く広まること。
留置,りゅうち,りゅうじ,るうち,りゅうてい,その場にとどめること。
留任,りゅうにん,るにん,りゅうじん,りゅうねん,引き続き同じ職に就くこと。
留保,りゅうほ,りゅうぼ,るほ,りゅうぽ,判断を保留すること。
硫黄,いおう,りゅうおう,きいし,きせき,黄色い非金属元素。「りゅうおう」は誤読で「いおう」が正しい。
慮る,おもんぱかる,りょする,おもいばかる,おもんはかる,深く考えをめぐらすこと。
慮外,りょがい,おもんがい,りょそと,おもんそと,思いがけないこと、礙外のこと。
凌ぐ,しのぐ,りょうぐ,りょうしのぐ,こえぐ,他のものを上回ること、また苦難を乗り越えること。
凌駕,りょうが,りょうげ,しのぐが,しのぎが,他のものを上回ること。
寮母,りょうぼ,りょうも,りょうはは,りょうふ,寄宿舎で生活する人の世話をする女性。
猟奇,りょうき,れいき,かりき,しゅりょうき,異常で残虐なことに強い興味を持つこと。
稜線,りょうせん,りんせん,ろうせん,りょうぜん,山の尾根の連なり。
輪廻,りんね,わね,りんかい,りんえ,生まれ変わり。
輪郭,りんかく,わかく,りんがく,りんこく,外形の線。
輪唱,りんしょう,わしょう,りんそう,りんじょう,順に歌うこと。
輪番,りんばん,わばん,りんはん,りんぼん,順番に担当。
冷遇,れいぐう,ひやぐう,れいたいぐう,れいぐ,冷たくあしらうこと、待遇が悪いこと。
励行,れいこう,はげこう,れいぎょう,はげみおこない,決めたことを厳しく実行すること。
怜悧,れいり,りょうり,れいに,りょうに,賢くて頭の回転が速いこと。
礼賛,らいさん,れいさん,らいさん,れいざん,素晴らしいものとして褒めたたえ、崇めること。
隷属,れいぞく,れいしょく,れいぞう,りいぞく,支配され従うこと。
零落,れいらく,ぜろらく,れいおち,れいらく,落ちぶれること。
劣悪,れつあく,おとあく,れつわる,おとわる,質が非常に悪いこと。
廉価,れんか,けんか,れんが,れんけ,安価なこと。
廉潔,れんけつ,けんけつ,れんきつ,れんかつ,清廉なこと。
廉恥,れんち,けんち,れんじ,れんし,恥を知ること。
廉直,れんちょく,れんじき,れんなお,れんそく,心が正しく潔白なこと。
廉売,れんばい,けんばい,れんうり,れんぱい,安売り。
漣,さざなみ,れん,さわさわなみ,こなみ,水面にそっと立つ細かい波。「れん」は音読みで「さざなみ」が正しい。
連坐,れんざ,れんすわり,つれざ,れんさ,他人の犯した罪に関連して罰を受けること。
錬磨,れんま,れんまあ,れんば,れんみ,努力して鍛えること。
露,つゆ,ろ,しずく,あめつぶ,朝に草などに付く水滴。「ろ」は音読み。「したたり落ちる」意味でも使われる。
労資,ろうし,ろうじ,ろうしし,ろうしす,労働者と使用者（経営者）。
弄ぶ,もてあそぶ,ろうぶ,いじぶ,ひねぶ,面白半分に扱うこと。人の気持ちや物を軽んじて扱う行為にも使われる。
弄る,いじる,ろうる,たわむる,なぐる,手で触れて動かしたりすること。からかうこと。
漏洩,ろうえい,もれよう,ろうもれ,ろうせつ,秘密や情報などが外部に漏れること。「ろうせつ」とも読むが、「ろうえい」が一般的。
漏出,ろうしゅつ,ろうで,ろしゅつ,ろうじゅつ,外へ漏れ出ること。
狼狽,ろうばい,おおかみばい,ろうはい,おおかみうろたえ,慌てふためくこと。
狼藉,ろうぜき,ろうじゃく,おおかみぜき,ろうせき,乱暴な振る舞い。
歪曲,わいきょく,いがみきょく,おうきょく,わいくつ,事実を意図的にゆがめること。「事実を歪曲して伝える」などの形で使われる。
惑溺,わくでき,こわくでき,わくにごり,わくでい,ある物事に深く溺れて夢中になること。
鰐,わに,がく,かわかみ,おおとかげ,熱帯の大型爬虫類。「がく」は音読みで「わに」が正しい。
藁,わら,こう,いねがら,かんそうくさ,稲などの穀物の茎を乾燥させたもの。「こう」は誤読で「わら」が正しい。
腕白,わんぱく,わんはく,うでしろ,うでばく,いたずら好きで活発な子供。
乖離,かいり,そむきり,こうり,かいはなれ,二つのものが離れてしまうこと。理想と現実の「乖離」などの形で使われる。
俯せる,うつぶせる,ふせる,ふかせる,うつせる,うつ伏せにする。
俯仰,ふぎょう,ふこう,うぎょう,ふよう,見上げたり見下ろしたり。
俯瞰,ふかん,うかん,ふがん,ふみ,高所から見下ろすこと。
傀儡,かいらい,がいらい,かいかい,かいぐう,他人に操られて利用される人や組織。「傀儡政権」などの形で使われる。
傲慢,ごうまん,きょうまん,おうまん,ごうばん,人を見下し偉そうにする態度。
僥倖,ぎょうこう,きょうこう,ぎょうごう,ぎょうさい,思いがけない幸運。
僭越,せんえつ,さいえつ,ぜんえつ,しんえつ,自分の身分や立場をこえて差し出ること。「僭越ながら」の形で使われる。
冤罪,えんざい,うさぎつみ,おんざい,えんさい,無実の罪。
刹那,せつな,さつな,しゃとな,くさり,非常に短い瞬間・時間。「刹那的な喜び」などの形で使われる。仏教語が語源。
剽窃,ひょうせつ,ぬすみせつ,ひょうたつ,びょうせつ,他人の文章・アイデアなどを盗んで自分のものとして使うこと。いわゆる「パクリ」の書き言葉。
呵責,かしゃく,かせき,かじゃく,かしゃっく,厳しく責めること。
咎める,とがめる,きゅうめる,せめめる,たんめる,他人の過ちを非難すること。
呟く,つぶやく,げんく,つぶやき,げんくす,小声で言う。
咀嚼,そしゃく,しょしゃく,そじゃく,しゃくしょく,食べ物をよく噛むこと、物事を理解して自分のものにすること。
嗚咽,おえつ,なきじゃくり,おいつ,あえつ,声を詰まらせながら泣くこと。悲しみや感動で泣きじゃくる様子。
嗜む,たしなむ,しむ,このむ,うしなむ,趣味として楽しむ・適度に親しむこと。「お茶を嗜む」「嗜み」などの形で使われる。
嗜好,しこう,たしなみこう,しこうう,たしなみこうう,好んで親しむこと。
噪音,そうおん,さうおん,そうしん,さわおん,やかましい音、騒音。
毀損,きそん,きしん,きしょう,きぞん,名誉や物を傷つけること。
毀誉,きよ,きよう,きよん,ひよ,ほめることと悪く言うこと。
壺,つぼ,こ,かめ,かま,口が小さく胴の膨らんだ容器。
夭折,ようせつ,てんせつ,ようしょう,おさせつ,若くして死ぬこと。
奢侈,しゃし,おごり,しゃしし,おごりもの,必要以上に贅沢をすること。
奸計,かんけい,かんけ,けんけい,かんげい,人をだます悪だくみ。
彷徨う,さまよう,ほうこう,うろつく,まよう,あてもなくうろうろと歩き回ること。精神的に迷い続けることも指す。
忖度,そんたく,しんたく,そんど,そんじゃく,相手の気持ちを推し量ること。
忸怩,じくじ,はじはじ,にくに,じゅくじ,自分の行いを恥ずかしく思う気持ち。「忸怩たる思い」の形で使われる。
怫然,ふつぜん,ひつぜん,はつぜん,ふぜん,むっとして怒る様子。
恣意,しい,じい,ほしいい,しき,自分の思うままにふるまう気まま・勝手な考え。「恣意的な判断」の形でよく使われる。
慇懃無礼,いんぎんぶれい,あんぎんぶれい,いんぎんぶらい,あんぎんぶらい,言葉や態度は丁寧すぎるほどだが、実は尊大で心がこもっていないこと。
慄く,おののく,りつく,ふるえく,おそれく,恐怖や寒さで体が震えること。強い恐れや畏れを感じる様子。
慄然,りつぜん,ぶるぜん,おそれぜん,りつねん,恐怖や衝撃で体が震えるほどぞっとする様子。「慄然とする光景」などの形で使われる。
慟哭,どうこく,どうごく,とうこく,どうかく,声をあげて激しく泣き悲しむこと。
憔悴,しょうすい,しょうさい,しょうずい,しょうせい,やつれて弱ること。
憚る,はばかる,たんる,えんりょる,かたる,遠慮する・気がねすること。「人目を憚らず泣く」などの形で使われる。
懊悩,おうのう,なやみのう,あおのう,おうなや,悩み苦しむこと。深く思い悩んで胸を痛める状態を表す。
拉致,らち,らっち,りゅうち,りち,人を強引に連れていくこと。
拮抗,きっこう,けっこう,きこう,きつこう,力が互角で張り合うこと。
捏造,ねつぞう,でつぞう,こねつぞう,ねつくり,実際にないことを事実のように作り上げること。「記事を捏造する」などの形で使われる。
斟酌,しんしゃく,さんしゃく,しんしゃ,さんしゃ,事情を考慮して手加減すること。
旁旁,かたがた,ぼうぼう,かたわら,そばそば,それと同時に、ついでに。
曖昧,あいまい,あいみ,あいばい,あんまい,はっきりしないこと、不明確なこと。
朦朧,もうろう,もろう,ぼうろう,ぼろう,意識や視界がぼんやりとしてはっきりしない様子。
杞憂,きゆう,むだゆう,きうれい,もきゆう,取り越し苦労・無用な心配のこと。古代中国の「杞」という国の人が天が落ちてくることを心配した故事から。
檜,ひのき,かい,ひきのき,ひのちき,日本の代表的な針葉樹で建材として有名。「かい」は誤読で「ひのき」が正しい。
桎梏,しっこく,てかせ,じっこく,しっかく,手枷・足枷のこと。転じて、自由を束縛するものを指す。「桎梏から解放される」などの形で使われる。
鬱屈,うっくつ,うつくつ,うつきょく,うっきょく,気分が晴れずふさぎこんでいること。
鬱蒼,うっそう,うつそう,うつぞう,うっぞう,木々が深く茂って薄暗い様子。
鬱憤,うっぷん,うつふん,うつぼん,うっぽん,心の中にたまった怒りや不満。
涅槃,ねはん,ねつばん,ねばん,ねつはん,仏教における悟りの境地、煩悩を消し去った安らかな状態。
涵育,かんいく,かんよう,こんいく,がんいく,自然に育てること。
涵養,かんよう,こんよう,がんよう,かんえい,自然に養い育てること。
渾然一体,こんぜんいったい,かいぜんいったい,こんねんいったい,こんぜんいちたい,異なるものが溶け合って一つになっている状態。
熾烈,しれつ,ちれつ,ねつれつ,しせつ,勢いが盛んで激しいこと。「熾烈な争い」の形で使われる。
狡知,こうち,こうじ,こうし,こうぢ,悪賢い知恵。
狡猾,こうかつ,こうこつ,こうわつ,こうけつ,ずる賢いこと。
猜疑,さいぎ,しょうぎ,さいき,せいぎ,人を信用できず疑うこと。「猜疑心」の形で使われる。
猖獗,しょうけつ,しょうかつ,しょうげつ,しょうけち,悪い勢力が盛んになること。
猥褻,わいせつ,がいせつ,いんせつ,わいせい,性的に下品でみだらなこと。
瑕疵,かし,きず,かじ,けっし,欠点・傷・欠陥のこと。法律・不動産の分野で「瑕疵担保責任」などの形で使われる。
瑣末,さまつ,ささい,さえつ,さばつ,取るに足らない細かなこと。
痒い,かゆい,よういち,くすい,はやい,皮膚をかきたくなる感覚。
痣,あざ,し,きずあと,しみ,皮膚にできる色の変わった部分。
痼り,しこり,こり,こしつ,ここり,筋肉が固くなったもの、また人間関係の確執。
痼疾,こしつ,ころしつ,こじつ,こしゅつ,長年治らない病気。持病。
痺れる,しびれる,ひれる,へいれる,まひれる,神経が麻痺して感覚がなくなること。
矜持,きょうじ,ほこりじ,きんじ,きょうち,自分の能力・価値への誇りや自負心。「プロとしての矜持」などの形で使われる。
礫,つぶて,れき,こいし,なげいし,小石・石ころ。投げる石の意味もある。「れき」は音読み。
稟議,りんぎ,ひんぎ,りょうぎ,りんご,組織内で承認を求める手続き。
箋,せん,しおり,ふだ,かみ,文字を書く小さな紙片。「処方箋」などの語で使われる。
緻密,ちみつ,ちつみ,ちちみつ,ちさいみつ,細部まで詳しく細やかな様子。
腑に落ちない,ふにおちない,ふくにおちない,はらにおちない,ふにらちない,納得できないこと。
膠着,こうちゃく,かいちゃく,にかわちゃく,きょうちゃく,物事が固定して進展しない状態。
膾炙,かいしゃ,かいしょ,わいしゃ,かいせき,広く世間に知れ渡ること。
艱難,かんなん,かんがた,かんかた,げんなん,つらく苦しい困難。「艱難辛苦」の形で使われる。
薨去,こうきょ,こうこ,おうきょ,こうぎょ,皇族や高位者が亡くなること。
蜻蛉,とんぼ,せいれい,とんぼう,せいろう,昆虫の一種。また「かげろう」とも読む。「せいれい」は誤読。
蝸牛,かたつむり,かぎゅう,うずまきむし,かいむし,陸生の巻き貝の一種。「かぎゅう」は音読みで「かたつむり」が訓読み。
訃報,ふほう,とほう,ふうほう,ほふう,死亡の知らせ。
詭弁,きべん,ごまかしべん,ぎべん,きべ,見た目は正しそうだが実際は誤った論理・議論。相手をごまかすための巧みな弁論。
誂える,あつらえる,ちょうらえる,そろえる,しつらえる,注文して作らせること。
誣告,ぶこく,むこく,ふこく,ぶごく,事実でないことを訴えて他人を陥れること。
諧謔,かいぎゃく,かいがく,かいけつ,かいじゃく,気の利いたユーモア。
讒言,ざんげん,さんげん,ざんごん,しんげん,人を陥れる悪口。
貪欲,どんよく,たんよく,むさぼりよく,どんにん,飽くことなく欲しがること。非常に強い欲求・欲望の強さを表す。
贖う,あがなう,かうう,つぐのう,かえす,罪・過ちをつぐなうこと。代価を払って罪を清めるという意味。
贖罪,しょくざい,かうざい,ぞくざい,しょくつみ,自分の犯した罪や過ちをつぐなうこと。キリスト教的文脈でも使われる語。
跋文,ばつぶん,はつぶん,あとぶん,ばつもん,書物の終わりに書く文章。あとがき。
跋扈,ばっこ,はびこり,ばつこ,はっこ,勢力を張って思うままに振る舞うこと。「悪がはびこる」の意味で使われる。
蹂躙,じゅうりん,ふみにじり,ぞうりん,じゅうにん,踏みにじること。人権や規則などを無視して踏みにじる行為。
蹉跌,さてつ,つまずきてつ,しゃてつ,さくてつ,物事がうまくいかず失敗・挫折すること。「蹉跌を経験する」などの形で使われる。
躊躇う,ためらう,ちゅうちょう,とまどう,まよう,決断できずに迷うこと。「躊躇なく行動する」の「躊躇」と同じ字。
軋轢,あつれき,あちれき,あつりょく,さつれき,人間関係などの不和や衝突。「軋轢が生じる」の形で使われる。
辟易,へきえき,うんざり,かへき,ひきえき,嫌になってうんざりすること。しつこさや煩わしさに手を焼く様子。
辣腕,らつわん,れつわん,さらつわん,れつかいな,物事を能力高く処理する腕前。「辣腕をふるう」の形で使われる。
逡巡,しゅんじゅん,ためらい,じゅんしゅん,せんじゅん,決断できずにためらうこと。「逡巡して一歩が踏み出せない」などの形で使われる。
逞しい,たくましい,ていしい,つよしい,ちからしい,体・精神が力強くしっかりしている様子。「逞しく育つ」などの形で使われる。
邂逅,かいこう,かいごう,かいこお,かいごお,思いがけなく出会うこと。
邁進,まいしん,ばいしん,まいしんん,ばいしんん,目標に向かってひたすら突き進むこと。
鑿,のみ,さく,ほりどうぐ,きりき,木や石を彫る工具。「さく」は音読みで「のみ」が正しい。
闊達,かったつ,かつたつ,かったち,かっだつ,度量が広くこだわらないこと。
頌春,しょうしゅん,こうしゅん,ほめはる,しょうはる,新年を褒めたたえ、祝うこと。年賀状の賀詞。
顰める,ひそめる,ひんめる,しかめる,ぴんめる,不快や心配で眉を寄せること。
颯爽,さっそう,さつそう,そうそう,さくそう,きびきびとして勇ましく爽やかな様子。
驕り,おごり,きょうり,たかぶり,けんり,自分を過大に評価して高慢になること。
驕る,おごる,きょうる,たかぶる,けんる,得意になって思い上がること。
驕慢,きょうまん,ごうまん,きょうばん,きょうめん,おごり高ぶること。
鬩ぎ合う,せめぎあう,げきぎあう,きょうぎあう,げきあう,対立して争うこと。
鶯,うぐいす,おう,はるどり,きどり,春に「ホーホケキョ」と鳴く鳥。「おう」は誤読で「うぐいす」が正しい。
齟齬,そご,ぎょご,しょご,くいちがい,物事がうまく噛み合わず、食い違うこと。「齟齬をきたす」の形でよく使われる。
